folder,filename,width,height,name,truncated,occluded,difficult,xmin,ymin,xmax,ymax
rupiah_banknotes_pascalvoc/Annotations/rupiah-banknotes/5000/,rupiah-banknotes/5000/937.jpg,224,224,5000,0,0,0,9.0,66.85,220.82,156.45
rupiah_banknotes_pascalvoc/Annotations/rupiah-banknotes/10000/,rupiah-banknotes/10000/223.jpg,224,224,10000,0,0,0,7.69,46.84,215.17,149.92
rupiah_banknotes_pascalvoc/Annotations/rupiah-banknotes/1000/,rupiah-banknotes/1000/402.jpg,224,224,1000,0,0,0,11.74,24.96,209.64,148.05
rupiah_banknotes_pascalvoc/Annotations/rupiah-banknotes/1000/,rupiah-banknotes/1000/607.jpg,224,224,1000,0,0,0,7.6,43.27,216.82,162.88
rupiah_banknotes_pascalvoc/Annotations/rupiah-banknotes/50000/,rupiah-banknotes/50000/678.jpg,224,224,50000,0,0,0,1.17,45.97,223.87,144.27
rupiah_banknotes_pascalvoc/Annotations/rupiah-banknotes/100000/,rupiah-banknotes/100000/1071.jpg,224,224,100000,0,0,0,11.17,46.41,216.47,146.44
rupiah_banknotes_pascalvoc/Annotations/rupiah-banknotes/2000/,rupiah-banknotes/2000/394.jpg,224,224,2000,0,0,0,12.48,69.46,213.43,157.32
rupiah_banknotes_pascalvoc/Annotations/rupiah-banknotes/50000/,rupiah-banknotes/50000/171.jpg,224,224,50000,0,0,0,8.56,52.93,218.65,155.14
rupiah_banknotes_pascalvoc/Annotations/rupiah-banknotes/10000/,rupiah-banknotes/10000/267.jpg,224,224,10000,0,0,0,7.26,43.8,222.56,153.84
rupiah_banknotes_pascalvoc/Annotations/rupiah-banknotes/20000/,rupiah-banknotes/20000/817.jpg,224,224,20000,0,0,0,12.91,53.8,220.82,155.14
rupiah_banknotes_pascalvoc/Annotations/rupiah-banknotes/1000/,rupiah-banknotes/1000/247.jpg,224,224,1000,0,0,0,4.34,46.71,222.25,160.66
rupiah_banknotes_pascalvoc/Annotations/rupiah-banknotes/20000/,rupiah-banknotes/20000/613.jpg,224,224,20000,0,0,0,7.26,46.84,216.47,140.35
rupiah_banknotes_pascalvoc/Annotations/rupiah-banknotes/2000/,rupiah-banknotes/2000/977.jpg,224,224,2000,0,0,0,8.56,52.93,223.43,136.44
rupiah_banknotes_pascalvoc/Annotations/rupiah-banknotes/50000/,rupiah-banknotes/50000/221.jpg,224,224,50000,0,0,0,5.52,61.19,221.69,161.23
rupiah_banknotes_pascalvoc/Annotations/rupiah-banknotes/10000/,rupiah-banknotes/10000/272.jpg,224,224,10000,0,0,0,11.61,44.67,216.04000000000002,137.75
rupiah_banknotes_pascalvoc/Annotations/rupiah-banknotes/20000/,rupiah-banknotes/20000/951.jpg,224,224,20000,0,0,0,9.43,41.62,216.91,140.79
rupiah_banknotes_pascalvoc/Annotations/rupiah-banknotes/1000/,rupiah-banknotes/1000/1064.jpg,224,224,1000,0,0,0,3.91,38.01,214.42,154.57
rupiah_banknotes_pascalvoc/Annotations/rupiah-banknotes/50000/,rupiah-banknotes/50000/1074.jpg,224,224,50000,0,0,0,8.56,25.96,219.52,126.44
rupiah_banknotes_pascalvoc/Annotations/rupiah-banknotes/1000/,rupiah-banknotes/1000/670.jpg,224,224,1000,0,0,0,10.0,55.84,222.69,183.28
rupiah_banknotes_pascalvoc/Annotations/rupiah-banknotes/10000/,rupiah-banknotes/10000/990.jpg,224,224,10000,0,0,0,9.43,47.28,217.78,137.75
rupiah_banknotes_pascalvoc/Annotations/rupiah-banknotes/10000/,rupiah-banknotes/10000/992.jpg,224,224,10000,0,0,0,9.0,48.58,220.82,137.31
rupiah_banknotes_pascalvoc/Annotations/rupiah-banknotes/10000/,rupiah-banknotes/10000/359.jpg,224,224,10000,0,0,0,7.69,50.32,219.95,162.1
rupiah_banknotes_pascalvoc/Annotations/rupiah-banknotes/2000/,rupiah-banknotes/2000/219.jpg,224,224,2000,0,0,0,11.17,39.88,223.0,152.97
rupiah_banknotes_pascalvoc/Annotations/rupiah-banknotes/75000/,rupiah-banknotes/75000/907.jpg,224,224,75000,0,0,0,9.87,60.76,214.3,159.93
rupiah_banknotes_pascalvoc/Annotations/rupiah-banknotes/10000/,rupiah-banknotes/10000/238.jpg,224,224,10000,0,0,0,9.0,50.32,221.26,152.1
rupiah_banknotes_pascalvoc/Annotations/rupiah-banknotes/2000/,rupiah-banknotes/2000/252.jpg,224,224,2000,0,0,0,7.69,43.8,223.0,149.49
rupiah_banknotes_pascalvoc/Annotations/rupiah-banknotes/50000/,rupiah-banknotes/50000/1127.jpg,224,224,50000,0,0,0,6.96,39.88,218.65,137.31
rupiah_banknotes_pascalvoc/Annotations/rupiah-banknotes/75000/,rupiah-banknotes/75000/1.jpg,224,224,75000,0,0,0,4.22,60.32,222.56,162.1
rupiah_banknotes_pascalvoc/Annotations/rupiah-banknotes/1000/,rupiah-banknotes/1000/358.jpg,224,224,1000,0,0,0,7.82,29.31,219.64,153.7
rupiah_banknotes_pascalvoc/Annotations/rupiah-banknotes/10000/,rupiah-banknotes/10000/1053.jpg,224,224,10000,0,0,0,12.48,61.19,221.26,153.84
rupiah_banknotes_pascalvoc/Annotations/rupiah-banknotes/5000/,rupiah-banknotes/5000/258.jpg,224,224,5000,0,0,0,5.95,45.97,220.82,153.84
rupiah_banknotes_pascalvoc/Annotations/rupiah-banknotes/1000/,rupiah-banknotes/1000/470.jpg,224,224,1000,0,0,0,13.9,30.18,213.12,144.6
rupiah_banknotes_pascalvoc/Annotations/rupiah-banknotes/10000/,rupiah-banknotes/10000/921.jpg,224,224,10000,0,0,0,8.56,46.84,216.47,149.92
rupiah_banknotes_pascalvoc/Annotations/rupiah-banknotes/5000/,rupiah-banknotes/5000/793.jpg,224,224,5000,0,0,0,6.82,42.49,216.91,155.58
rupiah_banknotes_pascalvoc/Annotations/rupiah-banknotes/2000/,rupiah-banknotes/2000/513.jpg,224,224,2000,0,0,0,6.39,66.41,220.82,174.72
rupiah_banknotes_pascalvoc/Annotations/rupiah-banknotes/50000/,rupiah-banknotes/50000/1 (2).jpg,224,224,50000,0,0,0,13.78,82.51,216.91,179.5
rupiah_banknotes_pascalvoc/Annotations/rupiah-banknotes/2000/,rupiah-banknotes/2000/765.jpg,224,224,2000,0,0,0,15.09,72.5,213.86,162.1
rupiah_banknotes_pascalvoc/Annotations/rupiah-banknotes/1000/,rupiah-banknotes/1000/221.jpg,224,224,1000,0,0,0,6.95,51.93,210.51,150.22
rupiah_banknotes_pascalvoc/Annotations/rupiah-banknotes/5000/,rupiah-banknotes/5000/480.jpg,224,224,5000,0,0,0,11.61,54.67,221.69,167.32
rupiah_banknotes_pascalvoc/Annotations/rupiah-banknotes/20000/,rupiah-banknotes/20000/810.jpg,224,224,20000,0,0,0,14.65,45.54,212.56,145.57
rupiah_banknotes_pascalvoc/Annotations/rupiah-banknotes/20000/,rupiah-banknotes/20000/475.jpg,224,224,20000,0,0,0,9.0,39.01,223.0,139.48
rupiah_banknotes_pascalvoc/Annotations/rupiah-banknotes/2000/,rupiah-banknotes/2000/310.jpg,224,224,2000,0,0,0,13.78,55.97,224.0,157.32
rupiah_banknotes_pascalvoc/Annotations/rupiah-banknotes/75000/,rupiah-banknotes/75000/581.jpg,224,224,75000,0,0,0,5.95,53.36,223.0,161.67
rupiah_banknotes_pascalvoc/Annotations/rupiah-banknotes/10000/,rupiah-banknotes/10000/1089.jpg,224,224,10000,0,0,0,11.61,42.49,223.43,156.01
rupiah_banknotes_pascalvoc/Annotations/rupiah-banknotes/1000/,rupiah-banknotes/1000/797.jpg,224,224,1000,0,0,0,14.35,47.58,220.51,163.27
rupiah_banknotes_pascalvoc/Annotations/rupiah-banknotes/1000/,rupiah-banknotes/1000/43.jpg,224,224,1000,0,0,0,10.87,40.62,217.9,160.66
rupiah_banknotes_pascalvoc/Annotations/rupiah-banknotes/20000/,rupiah-banknotes/20000/174.jpg,224,224,20000,0,0,0,7.26,45.97,224.0,149.92
rupiah_banknotes_pascalvoc/Annotations/rupiah-banknotes/50000/,rupiah-banknotes/50000/1.jpg,224,224,50000,0,0,0,8.13,52.49,217.34,154.71
rupiah_banknotes_pascalvoc/Annotations/rupiah-banknotes/5000/,rupiah-banknotes/5000/171.jpg,224,224,5000,0,0,0,5.52,35.97,216.9,137.74
rupiah_banknotes_pascalvoc/Annotations/rupiah-banknotes/5000/,rupiah-banknotes/5000/96.jpg,224,224,5000,0,0,0,15.09,43.8,222.13,156.88
rupiah_banknotes_pascalvoc/Annotations/rupiah-banknotes/50000/,rupiah-banknotes/50000/192.jpg,224,224,50000,0,0,0,2.91,42.93,215.17,147.31
rupiah_banknotes_pascalvoc/Annotations/rupiah-banknotes/2000/,rupiah-banknotes/2000/880.jpg,224,224,2000,0,0,0,6.39,49.45,224.0,164.71
rupiah_banknotes_pascalvoc/Annotations/rupiah-banknotes/10000/,rupiah-banknotes/10000/285.jpg,224,224,10000,0,0,0,8.56,47.71,219.52,154.71
rupiah_banknotes_pascalvoc/Annotations/rupiah-banknotes/50000/,rupiah-banknotes/50000/615.jpg,224,224,50000,0,0,0,3.35,46.84,221.69,153.4
rupiah_banknotes_pascalvoc/Annotations/rupiah-banknotes/20000/,rupiah-banknotes/20000/368.jpg,224,224,20000,0,0,0,5.52,34.66,219.52,135.14
rupiah_banknotes_pascalvoc/Annotations/rupiah-banknotes/1000/,rupiah-banknotes/1000/138.jpg,224,224,1000,0,0,0,4.34,41.92,218.34,144.57
rupiah_banknotes_pascalvoc/Annotations/rupiah-banknotes/50000/,rupiah-banknotes/50000/238.jpg,224,224,50000,0,0,0,3.34,45.97,222.13,149.05
rupiah_banknotes_pascalvoc/Annotations/rupiah-banknotes/10000/,rupiah-banknotes/10000/324.jpg,224,224,10000,0,0,0,5.08,54.67,217.78,159.49
rupiah_banknotes_pascalvoc/Annotations/rupiah-banknotes/2000/,rupiah-banknotes/2000/407.jpg,224,224,2000,0,0,0,8.56,45.97,219.52,162.1
rupiah_banknotes_pascalvoc/Annotations/rupiah-banknotes/5000/,rupiah-banknotes/5000/1063.jpg,224,224,5000,0,0,0,2.91,43.36,224.0,156.45
rupiah_banknotes_pascalvoc/Annotations/rupiah-banknotes/1000/,rupiah-banknotes/1000/804.jpg,224,224,1000,0,0,0,12.17,56.71,214.42,161.1
rupiah_banknotes_pascalvoc/Annotations/rupiah-banknotes/1000/,rupiah-banknotes/1000/533.jpg,224,224,1000,0,0,0,6.08,35.4,206.59,139.35
rupiah_banknotes_pascalvoc/Annotations/rupiah-banknotes/50000/,rupiah-banknotes/50000/169.jpg,224,224,50000,0,0,0,5.08,57.28,217.78,156.88
rupiah_banknotes_pascalvoc/Annotations/rupiah-banknotes/20000/,rupiah-banknotes/20000/416.jpg,224,224,20000,0,0,0,9.87,62.93,224.0,161.23
rupiah_banknotes_pascalvoc/Annotations/rupiah-banknotes/1000/,rupiah-banknotes/1000/252.jpg,224,224,1000,0,0,0,12.61,46.27,210.94,149.79
rupiah_banknotes_pascalvoc/Annotations/rupiah-banknotes/5000/,rupiah-banknotes/5000/250.jpg,224,224,5000,0,0,0,5.52,56.84,216.91,152.97
rupiah_banknotes_pascalvoc/Annotations/rupiah-banknotes/100000/,rupiah-banknotes/100000/269.jpg,224,224,100000,0,0,0,6.83,57.71,223.43,160.36
rupiah_banknotes_pascalvoc/Annotations/rupiah-banknotes/2000/,rupiah-banknotes/2000/442.jpg,224,224,2000,0,0,0,8.56,60.32,211.25,164.28
rupiah_banknotes_pascalvoc/Annotations/rupiah-banknotes/100000/,rupiah-banknotes/100000/913.jpg,224,224,100000,0,0,0,8.56,52.93,217.78,145.57
rupiah_banknotes_pascalvoc/Annotations/rupiah-banknotes/75000/,rupiah-banknotes/75000/584.jpg,224,224,75000,0,0,0,9.0,59.89,223.0,159.93
rupiah_banknotes_pascalvoc/Annotations/rupiah-banknotes/10000/,rupiah-banknotes/10000/754.jpg,224,224,10000,0,0,0,11.61,52.49,219.08000000000004,162.1
rupiah_banknotes_pascalvoc/Annotations/rupiah-banknotes/5000/,rupiah-banknotes/5000/602.jpg,224,224,5000,0,0,0,9.0,61.19,219.95,179.5
rupiah_banknotes_pascalvoc/Annotations/rupiah-banknotes/100000/,rupiah-banknotes/100000/584.jpg,224,224,100000,0,0,0,8.13,43.36,224.0,139.05
rupiah_banknotes_pascalvoc/Annotations/rupiah-banknotes/75000/,rupiah-banknotes/75000/991.jpg,224,224,75000,0,0,0,2.48,62.5,224.0,172.11
rupiah_banknotes_pascalvoc/Annotations/rupiah-banknotes/100000/,rupiah-banknotes/100000/181.jpg,224,224,100000,0,0,0,7.69,56.41,219.08,152.53
rupiah_banknotes_pascalvoc/Annotations/rupiah-banknotes/2000/,rupiah-banknotes/2000/802.jpg,224,224,2000,0,0,0,10.3,57.28,215.17,158.19
rupiah_banknotes_pascalvoc/Annotations/rupiah-banknotes/20000/,rupiah-banknotes/20000/105.jpg,224,224,20000,0,0,0,4.22,49.45,221.26,151.66
rupiah_banknotes_pascalvoc/Annotations/rupiah-banknotes/100000/,rupiah-banknotes/100000/306.jpg,224,224,100000,0,0,0,5.52,69.02,220.39,168.63
rupiah_banknotes_pascalvoc/Annotations/rupiah-banknotes/20000/,rupiah-banknotes/20000/52.jpg,224,224,20000,0,0,0,8.13,50.75,219.95,148.62
rupiah_banknotes_pascalvoc/Annotations/rupiah-banknotes/100000/,rupiah-banknotes/100000/1078.jpg,224,224,100000,0,0,0,4.22,62.06,224.0,168.63
rupiah_banknotes_pascalvoc/Annotations/rupiah-banknotes/2000/,rupiah-banknotes/2000/855.jpg,224,224,2000,0,0,0,14.65,52.49,218.21,159.49
rupiah_banknotes_pascalvoc/Annotations/rupiah-banknotes/20000/,rupiah-banknotes/20000/265.jpg,224,224,20000,0,0,0,10.3,42.06,222.13,140.35
rupiah_banknotes_pascalvoc/Annotations/rupiah-banknotes/10000/,rupiah-banknotes/10000/704.jpg,224,224,10000,0,0,0,8.56,48.58,220.82,155.14
rupiah_banknotes_pascalvoc/Annotations/rupiah-banknotes/50000/,rupiah-banknotes/50000/862.jpg,224,224,50000,0,0,0,7.26,55.97,219.65,156.01
rupiah_banknotes_pascalvoc/Annotations/rupiah-banknotes/2000/,rupiah-banknotes/2000/123.jpg,224,224,2000,0,0,0,12.91,50.75,213.4,159.1
rupiah_banknotes_pascalvoc/Annotations/rupiah-banknotes/100000/,rupiah-banknotes/100000/749.jpg,224,224,100000,0,0,0,7.69,65.11,220.39,165.58
rupiah_banknotes_pascalvoc/Annotations/rupiah-banknotes/5000/,rupiah-banknotes/5000/41.jpg,224,224,5000,0,0,0,9.35,63.72,221.17,175.06
rupiah_banknotes_pascalvoc/Annotations/rupiah-banknotes/2000/,rupiah-banknotes/2000/556.jpg,224,224,2000,0,0,0,9.87,76.42,212.12,188.63
rupiah_banknotes_pascalvoc/Annotations/rupiah-banknotes/10000/,rupiah-banknotes/10000/282.jpg,224,224,10000,0,0,0,5.95,49.02,224.0,153.4
rupiah_banknotes_pascalvoc/Annotations/rupiah-banknotes/50000/,rupiah-banknotes/50000/1050.jpg,224,224,50000,0,0,0,6.39,22.05,223.43,125.57
rupiah_banknotes_pascalvoc/Annotations/rupiah-banknotes/75000/,rupiah-banknotes/75000/1007.jpg,224,224,75000,0,0,0,2.91,67.72,217.34,171.67
rupiah_banknotes_pascalvoc/Annotations/rupiah-banknotes/50000/,rupiah-banknotes/50000/568.jpg,224,224,50000,0,0,0,5.52,64.67,206.47,166.02
rupiah_banknotes_pascalvoc/Annotations/rupiah-banknotes/10000/,rupiah-banknotes/10000/568.jpg,224,224,10000,0,0,0,5.95,34.66,219.08,142.96
rupiah_banknotes_pascalvoc/Annotations/rupiah-banknotes/2000/,rupiah-banknotes/2000/350.jpg,224,224,2000,0,0,0,2.04,61.19,221.26,177.33
rupiah_banknotes_pascalvoc/Annotations/rupiah-banknotes/50000/,rupiah-banknotes/50000/513.jpg,224,224,50000,0,0,0,8.13,45.97,223.0,145.14
rupiah_banknotes_pascalvoc/Annotations/rupiah-banknotes/1000/,rupiah-banknotes/1000/676.jpg,224,224,1000,0,0,0,12.61,58.88,217.90000000000003,178.06
rupiah_banknotes_pascalvoc/Annotations/rupiah-banknotes/2000/,rupiah-banknotes/2000/297.jpg,224,224,2000,0,0,0,6.39,55.54,213.43,156.88
rupiah_banknotes_pascalvoc/Annotations/rupiah-banknotes/5000/,rupiah-banknotes/5000/809.jpg,224,224,5000,0,0,0,11.61,59.02,217.78000000000003,149.92
rupiah_banknotes_pascalvoc/Annotations/rupiah-banknotes/100000/,rupiah-banknotes/100000/404.jpg,224,224,100000,0,0,0,8.56,42.06,221.26,146.44
rupiah_banknotes_pascalvoc/Annotations/rupiah-banknotes/2000/,rupiah-banknotes/2000/278.jpg,224,224,2000,0,0,0,3.78,71.2,217.34,192.98
rupiah_banknotes_pascalvoc/Annotations/rupiah-banknotes/2000/,rupiah-banknotes/2000/471.jpg,224,224,2000,0,0,0,6.82,43.36,217.78,159.49
rupiah_banknotes_pascalvoc/Annotations/rupiah-banknotes/20000/,rupiah-banknotes/20000/823.jpg,224,224,20000,0,0,0,6.39,52.49,219.08,156.45
rupiah_banknotes_pascalvoc/Annotations/rupiah-banknotes/10000/,rupiah-banknotes/10000/1000.jpg,224,224,10000,0,0,0,9.0,64.67,219.95,156.01
rupiah_banknotes_pascalvoc/Annotations/rupiah-banknotes/10000/,rupiah-banknotes/10000/1110.jpg,224,224,10000,0,0,0,8.56,66.41,221.26,161.67
rupiah_banknotes_pascalvoc/Annotations/rupiah-banknotes/50000/,rupiah-banknotes/50000/715.jpg,224,224,50000,0,0,0,6.39,36.4,221.26,140.35
rupiah_banknotes_pascalvoc/Annotations/rupiah-banknotes/100000/,rupiah-banknotes/100000/946.jpg,224,224,100000,0,0,0,10.3,52.49,215.6,144.7
rupiah_banknotes_pascalvoc/Annotations/rupiah-banknotes/5000/,rupiah-banknotes/5000/843.jpg,224,224,5000,0,0,0,4.65,51.62,219.95,161.67
rupiah_banknotes_pascalvoc/Annotations/rupiah-banknotes/1000/,rupiah-banknotes/1000/907.jpg,224,224,1000,0,0,0,15.65,48.45,215.29,145.44
rupiah_banknotes_pascalvoc/Annotations/rupiah-banknotes/1000/,rupiah-banknotes/1000/841.jpg,224,224,1000,0,0,0,19.56,64.1,202.68,151.96
rupiah_banknotes_pascalvoc/Annotations/rupiah-banknotes/5000/,rupiah-banknotes/5000/860.jpg,224,224,5000,0,0,0,9.87,52.06,206.9,153.84
rupiah_banknotes_pascalvoc/Annotations/rupiah-banknotes/20000/,rupiah-banknotes/20000/443.jpg,224,224,20000,0,0,0,9.43,42.06,223.43,139.48
rupiah_banknotes_pascalvoc/Annotations/rupiah-banknotes/50000/,rupiah-banknotes/50000/960.jpg,224,224,50000,0,0,0,6.83,39.01,224.0,146.44
rupiah_banknotes_pascalvoc/Annotations/rupiah-banknotes/20000/,rupiah-banknotes/20000/219.jpg,224,224,20000,0,0,0,7.69,35.1,218.65,134.27
rupiah_banknotes_pascalvoc/Annotations/rupiah-banknotes/20000/,rupiah-banknotes/20000/316.jpg,224,224,20000,0,0,0,6.82,66.85,224.0,166.02
rupiah_banknotes_pascalvoc/Annotations/rupiah-banknotes/1000/,rupiah-banknotes/1000/1109.jpg,224,224,1000,0,0,0,4.78,32.35,221.38,150.66
rupiah_banknotes_pascalvoc/Annotations/rupiah-banknotes/1000/,rupiah-banknotes/1000/367.jpg,224,224,1000,0,0,0,6.52,47.14,222.69,150.2
rupiah_banknotes_pascalvoc/Annotations/rupiah-banknotes/1000/,rupiah-banknotes/1000/364.jpg,224,224,1000,0,0,0,5.65,32.35,220.08,153.7
rupiah_banknotes_pascalvoc/Annotations/rupiah-banknotes/10000/,rupiah-banknotes/10000/603.jpg,224,224,10000,0,0,0,8.56,52.93,219.95,149.92
rupiah_banknotes_pascalvoc/Annotations/rupiah-banknotes/50000/,rupiah-banknotes/50000/500.jpg,224,224,50000,0,0,0,12.91,43.36,224.0,146.4
rupiah_banknotes_pascalvoc/Annotations/rupiah-banknotes/5000/,rupiah-banknotes/5000/68.jpg,224,224,5000,0,0,0,7.7,58.15,213.0,168.63
rupiah_banknotes_pascalvoc/Annotations/rupiah-banknotes/5000/,rupiah-banknotes/5000/84.jpg,224,224,5000,0,0,0,6.82,40.32,221.39,159.06
rupiah_banknotes_pascalvoc/Annotations/rupiah-banknotes/10000/,rupiah-banknotes/10000/714.jpg,224,224,10000,0,0,0,6.82,54.67,222.56,155.14
rupiah_banknotes_pascalvoc/Annotations/rupiah-banknotes/20000/,rupiah-banknotes/20000/799.jpg,224,224,20000,0,0,0,6.82,44.67,211.69,141.66
rupiah_banknotes_pascalvoc/Annotations/rupiah-banknotes/5000/,rupiah-banknotes/5000/724.jpg,224,224,5000,0,0,0,4.65,45.1,220.82,156.88
rupiah_banknotes_pascalvoc/Annotations/rupiah-banknotes/10000/,rupiah-banknotes/10000/71.jpg,224,224,10000,0,0,0,6.82,55.1,222.13,166.89
rupiah_banknotes_pascalvoc/Annotations/rupiah-banknotes/5000/,rupiah-banknotes/5000/13.jpg,224,224,5000,0,0,0,7.69,36.84,215.6,139.48
rupiah_banknotes_pascalvoc/Annotations/rupiah-banknotes/5000/,rupiah-banknotes/5000/173.jpg,224,224,5000,0,0,0,2.48,38.58,222.56,136.88
rupiah_banknotes_pascalvoc/Annotations/rupiah-banknotes/100000/,rupiah-banknotes/100000/544.jpg,224,224,100000,0,0,0,2.48,44.67,224.0,149.49
rupiah_banknotes_pascalvoc/Annotations/rupiah-banknotes/2000/,rupiah-banknotes/2000/1093.jpg,224,224,2000,0,0,0,5.95,68.15,219.95,180.81
rupiah_banknotes_pascalvoc/Annotations/rupiah-banknotes/20000/,rupiah-banknotes/20000/1071.jpg,224,224,20000,0,0,0,2.48,49.88,222.56,152.97
rupiah_banknotes_pascalvoc/Annotations/rupiah-banknotes/1000/,rupiah-banknotes/1000/126.jpg,224,224,1000,0,0,0,5.65,43.23,218.34,139.35
rupiah_banknotes_pascalvoc/Annotations/rupiah-banknotes/20000/,rupiah-banknotes/20000/460.jpg,224,224,20000,0,0,0,7.26,53.36,218.21,150.79
rupiah_banknotes_pascalvoc/Annotations/rupiah-banknotes/100000/,rupiah-banknotes/100000/502.jpg,224,224,100000,0,0,0,3.78,49.88,221.69,159.06
rupiah_banknotes_pascalvoc/Annotations/rupiah-banknotes/5000/,rupiah-banknotes/5000/263.jpg,224,224,5000,0,0,0,12.04,57.28,222.13,154.71
rupiah_banknotes_pascalvoc/Annotations/rupiah-banknotes/2000/,rupiah-banknotes/2000/38.jpg,224,224,2000,0,0,0,9.87,52.06,219.52,173.85
rupiah_banknotes_pascalvoc/Annotations/rupiah-banknotes/100000/,rupiah-banknotes/100000/901.jpg,224,224,100000,0,0,0,12.04,55.1,217.34,147.31
rupiah_banknotes_pascalvoc/Annotations/rupiah-banknotes/20000/,rupiah-banknotes/20000/155.jpg,224,224,20000,0,0,0,6.82,53.8,221.69,163.84
rupiah_banknotes_pascalvoc/Annotations/rupiah-banknotes/2000/,rupiah-banknotes/2000/620.jpg,224,224,2000,0,0,0,3.78,65.98,224.0,179.07
rupiah_banknotes_pascalvoc/Annotations/rupiah-banknotes/100000/,rupiah-banknotes/100000/979.jpg,224,224,100000,0,0,0,2.04,61.19,223.43,153.84
rupiah_banknotes_pascalvoc/Annotations/rupiah-banknotes/2000/,rupiah-banknotes/2000/989.jpg,224,224,2000,0,0,0,12.48,29.44,220.39,142.09
rupiah_banknotes_pascalvoc/Annotations/rupiah-banknotes/1000/,rupiah-banknotes/1000/1105.jpg,224,224,1000,0,0,0,2.17,34.09,219.64,154.57
rupiah_banknotes_pascalvoc/Annotations/rupiah-banknotes/100000/,rupiah-banknotes/100000/45.jpg,224,224,100000,0,0,0,2.91,44.23,224.0,135.57
rupiah_banknotes_pascalvoc/Annotations/rupiah-banknotes/1000/,rupiah-banknotes/1000/183.jpg,224,224,1000,0,0,0,4.78,42.79,221.38,162.84
rupiah_banknotes_pascalvoc/Annotations/rupiah-banknotes/100000/,rupiah-banknotes/100000/154.jpg,224,224,100000,0,0,0,7.26,38.14,224.0,130.35
rupiah_banknotes_pascalvoc/Annotations/rupiah-banknotes/50000/,rupiah-banknotes/50000/139.jpg,224,224,50000,0,0,0,8.13,56.41,218.21,155.58
rupiah_banknotes_pascalvoc/Annotations/rupiah-banknotes/50000/,rupiah-banknotes/50000/372.jpg,224,224,50000,0,0,0,6.39,59.89,223.87,161.23
rupiah_banknotes_pascalvoc/Annotations/rupiah-banknotes/75000/,rupiah-banknotes/75000/669.jpg,224,224,75000,0,0,0,3.69,48.93,215.95,147.23
rupiah_banknotes_pascalvoc/Annotations/rupiah-banknotes/5000/,rupiah-banknotes/5000/297.jpg,224,224,5000,0,0,0,3.78,55.97,224.0,159.93
rupiah_banknotes_pascalvoc/Annotations/rupiah-banknotes/50000/,rupiah-banknotes/50000/2.jpg,224,224,50000,0,0,0,8.13,53.36,218.21,159.49
rupiah_banknotes_pascalvoc/Annotations/rupiah-banknotes/100000/,rupiah-banknotes/100000/1031.jpg,224,224,100000,0,0,0,10.74,49.88,222.13,155.14
rupiah_banknotes_pascalvoc/Annotations/rupiah-banknotes/20000/,rupiah-banknotes/20000/704.jpg,224,224,20000,0,0,0,6.39,45.1,214.73,144.27
rupiah_banknotes_pascalvoc/Annotations/rupiah-banknotes/1000/,rupiah-banknotes/1000/910.jpg,224,224,1000,0,0,0,12.17,40.18,215.73,151.53
rupiah_banknotes_pascalvoc/Annotations/rupiah-banknotes/20000/,rupiah-banknotes/20000/328.jpg,224,224,20000,0,0,0,4.22,33.36,221.69,137.75
rupiah_banknotes_pascalvoc/Annotations/rupiah-banknotes/2000/,rupiah-banknotes/2000/644.jpg,224,224,2000,0,0,0,9.43,62.93,224.0,186.02
rupiah_banknotes_pascalvoc/Annotations/rupiah-banknotes/20000/,rupiah-banknotes/20000/41.jpg,224,224,20000,0,0,0,8.13,50.75,219.95,149.05
rupiah_banknotes_pascalvoc/Annotations/rupiah-banknotes/100000/,rupiah-banknotes/100000/838.jpg,224,224,100000,0,0,0,12.04,50.32,224.0,143.83
rupiah_banknotes_pascalvoc/Annotations/rupiah-banknotes/10000/,rupiah-banknotes/10000/761.jpg,224,224,10000,0,0,0,5.95,36.4,216.47,136.01
rupiah_banknotes_pascalvoc/Annotations/rupiah-banknotes/50000/,rupiah-banknotes/50000/1034.jpg,224,224,50000,0,0,0,6.82,36.84,218.21,137.31
rupiah_banknotes_pascalvoc/Annotations/rupiah-banknotes/5000/,rupiah-banknotes/5000/243.jpg,224,224,5000,0,0,0,5.52,54.23,213.43,154.27
rupiah_banknotes_pascalvoc/Annotations/rupiah-banknotes/10000/,rupiah-banknotes/10000/440.jpg,224,224,10000,0,0,0,2.91,59.02,221.69,167.32
rupiah_banknotes_pascalvoc/Annotations/rupiah-banknotes/1000/,rupiah-banknotes/1000/683.jpg,224,224,1000,0,0,0,3.04,56.27,223.99,175.02
rupiah_banknotes_pascalvoc/Annotations/rupiah-banknotes/2000/,rupiah-banknotes/2000/940.jpg,224,224,2000,0,0,0,5.52,25.09,223.0,141.22
rupiah_banknotes_pascalvoc/Annotations/rupiah-banknotes/100000/,rupiah-banknotes/100000/754.jpg,224,224,100000,0,0,0,3.35,40.32,215.6,138.62
rupiah_banknotes_pascalvoc/Annotations/rupiah-banknotes/1000/,rupiah-banknotes/1000/588 (2).jpg,224,224,1000,0,0,0,10.43,44.97,222.69,167.62
rupiah_banknotes_pascalvoc/Annotations/rupiah-banknotes/50000/,rupiah-banknotes/50000/87.jpg,224,224,50000,0,0,0,3.78,42.06,213.43,148.18
rupiah_banknotes_pascalvoc/Annotations/rupiah-banknotes/10000/,rupiah-banknotes/10000/821.jpg,224,224,10000,0,0,0,12.04,53.36,220.39,159.49
rupiah_banknotes_pascalvoc/Annotations/rupiah-banknotes/100000/,rupiah-banknotes/100000/692.jpg,224,224,100000,0,0,0,5.95,43.8,216.91,147.31
rupiah_banknotes_pascalvoc/Annotations/rupiah-banknotes/100000/,rupiah-banknotes/100000/314.jpg,224,224,100000,0,0,0,8.13,48.14,219.08,139.05
rupiah_banknotes_pascalvoc/Annotations/rupiah-banknotes/1000/,rupiah-banknotes/1000/840.jpg,224,224,1000,0,0,0,17.83,58.45,211.38,157.18
rupiah_banknotes_pascalvoc/Annotations/rupiah-banknotes/50000/,rupiah-banknotes/50000/303.jpg,224,224,50000,0,0,0,5.08,64.24,219.95,160.8
rupiah_banknotes_pascalvoc/Annotations/rupiah-banknotes/10000/,rupiah-banknotes/10000/127.jpg,224,224,10000,0,0,0,10.3,40.75,216.47,132.96
rupiah_banknotes_pascalvoc/Annotations/rupiah-banknotes/10000/,rupiah-banknotes/10000/178.jpg,224,224,10000,0,0,0,3.78,42.93,218.21,154.27
rupiah_banknotes_pascalvoc/Annotations/rupiah-banknotes/50000/,rupiah-banknotes/50000/125.jpg,224,224,50000,0,0,0,9.43,44.23,218.21,145.57
rupiah_banknotes_pascalvoc/Annotations/rupiah-banknotes/100000/,rupiah-banknotes/100000/86.jpg,224,224,100000,0,0,0,8.13,65.11,219.52,160.8
rupiah_banknotes_pascalvoc/Annotations/rupiah-banknotes/100000/,rupiah-banknotes/100000/354.jpg,224,224,100000,0,0,0,8.56,37.27,219.52,135.14
rupiah_banknotes_pascalvoc/Annotations/rupiah-banknotes/1000/,rupiah-banknotes/1000/0.jpg,224,224,1000,0,0,0,10.87,31.92,219.21,148.48
rupiah_banknotes_pascalvoc/Annotations/rupiah-banknotes/75000/,rupiah-banknotes/75000/845.jpg,224,224,75000,0,0,0,3.35,59.45,216.04,164.71
rupiah_banknotes_pascalvoc/Annotations/rupiah-banknotes/2000/,rupiah-banknotes/2000/343.jpg,224,224,2000,0,0,0,8.56,50.32,224.0,171.24
rupiah_banknotes_pascalvoc/Annotations/rupiah-banknotes/50000/,rupiah-banknotes/50000/495.jpg,224,224,50000,0,0,0,6.39,47.71,218.21,145.57
rupiah_banknotes_pascalvoc/Annotations/rupiah-banknotes/75000/,rupiah-banknotes/75000/848.jpg,224,224,75000,0,0,0,5.52,69.02,218.65,164.71
rupiah_banknotes_pascalvoc/Annotations/rupiah-banknotes/100000/,rupiah-banknotes/100000/766.jpg,224,224,100000,0,0,0,7.7,36.84,218.78,139.48
rupiah_banknotes_pascalvoc/Annotations/rupiah-banknotes/5000/,rupiah-banknotes/5000/806.jpg,224,224,5000,0,0,0,6.82,48.58,220.39,160.8
rupiah_banknotes_pascalvoc/Annotations/rupiah-banknotes/10000/,rupiah-banknotes/10000/1140.jpg,224,224,10000,0,0,0,4.22,63.37,220.82,162.54
rupiah_banknotes_pascalvoc/Annotations/rupiah-banknotes/100000/,rupiah-banknotes/100000/231.jpg,224,224,100000,0,0,0,5.95,57.28,221.69,155.58
rupiah_banknotes_pascalvoc/Annotations/rupiah-banknotes/5000/,rupiah-banknotes/5000/818.jpg,224,224,5000,0,0,0,9.43,62.5,217.34,147.31
rupiah_banknotes_pascalvoc/Annotations/rupiah-banknotes/2000/,rupiah-banknotes/2000/788.jpg,224,224,2000,0,0,0,9.43,44.67,224.0,157.75
rupiah_banknotes_pascalvoc/Annotations/rupiah-banknotes/100000/,rupiah-banknotes/100000/717.jpg,224,224,100000,0,0,0,4.22,36.4,223.43,140.35
rupiah_banknotes_pascalvoc/Annotations/rupiah-banknotes/2000/,rupiah-banknotes/2000/182.jpg,224,224,2000,0,0,0,3.35,80.33,220.82,200.38
rupiah_banknotes_pascalvoc/Annotations/rupiah-banknotes/5000/,rupiah-banknotes/5000/125.jpg,224,224,5000,0,0,0,2.91,52.06,224.0,148.18
rupiah_banknotes_pascalvoc/Annotations/rupiah-banknotes/10000/,rupiah-banknotes/10000/357.jpg,224,224,10000,0,0,0,2.04,54.67,223.0,160.8
rupiah_banknotes_pascalvoc/Annotations/rupiah-banknotes/20000/,rupiah-banknotes/20000/462.jpg,224,224,20000,0,0,0,5.95,37.27,219.08,142.53
rupiah_banknotes_pascalvoc/Annotations/rupiah-banknotes/75000/,rupiah-banknotes/75000/262.jpg,224,224,75000,0,0,0,5.52,49.45,224.0,148.62
rupiah_banknotes_pascalvoc/Annotations/rupiah-banknotes/50000/,rupiah-banknotes/50000/766.jpg,224,224,50000,0,0,0,7.26,49.02,215.6,150.36
rupiah_banknotes_pascalvoc/Annotations/rupiah-banknotes/5000/,rupiah-banknotes/5000/386.jpg,224,224,5000,0,0,0,5.08,39.45,216.47,147.75
rupiah_banknotes_pascalvoc/Annotations/rupiah-banknotes/100000/,rupiah-banknotes/100000/630.jpg,224,224,100000,0,0,0,5.52,58.58,217.78,156.01
rupiah_banknotes_pascalvoc/Annotations/rupiah-banknotes/5000/,rupiah-banknotes/5000/246.jpg,224,224,5000,0,0,0,7.26,20.74,223.87,139.92
rupiah_banknotes_pascalvoc/Annotations/rupiah-banknotes/2000/,rupiah-banknotes/2000/1070.jpg,224,224,2000,0,0,0,5.52,65.11,217.34,160.36
rupiah_banknotes_pascalvoc/Annotations/rupiah-banknotes/2000/,rupiah-banknotes/2000/1091.jpg,224,224,2000,0,0,0,0.74,56.41,214.73,166.02
rupiah_banknotes_pascalvoc/Annotations/rupiah-banknotes/1000/,rupiah-banknotes/1000/41 (2).jpg,224,224,1000,0,0,0,11.74,39.75,217.9,158.49
rupiah_banknotes_pascalvoc/Annotations/rupiah-banknotes/2000/,rupiah-banknotes/2000/441.jpg,224,224,2000,0,0,0,8.56,60.76,211.69,159.93
rupiah_banknotes_pascalvoc/Annotations/rupiah-banknotes/100000/,rupiah-banknotes/100000/560.jpg,224,224,100000,0,0,0,7.69,37.71,220.82,138.18
rupiah_banknotes_pascalvoc/Annotations/rupiah-banknotes/10000/,rupiah-banknotes/10000/968.jpg,224,224,10000,0,0,0,7.69,44.67,219.95,134.7
rupiah_banknotes_pascalvoc/Annotations/rupiah-banknotes/75000/,rupiah-banknotes/75000/992.jpg,224,224,75000,0,0,0,5.52,65.98,220.82,172.11
rupiah_banknotes_pascalvoc/Annotations/rupiah-banknotes/50000/,rupiah-banknotes/50000/219.jpg,224,224,50000,0,0,0,6.82,48.58,214.73,146.88
rupiah_banknotes_pascalvoc/Annotations/rupiah-banknotes/10000/,rupiah-banknotes/10000/1022.jpg,224,224,10000,0,0,0,2.04,63.8,219.08,171.67
rupiah_banknotes_pascalvoc/Annotations/rupiah-banknotes/1000/,rupiah-banknotes/1000/494.jpg,224,224,1000,0,0,0,9.56,43.23,209.64,146.74
rupiah_banknotes_pascalvoc/Annotations/rupiah-banknotes/50000/,rupiah-banknotes/50000/83.jpg,224,224,50000,0,0,0,1.61,58.58,219.08,159.06
rupiah_banknotes_pascalvoc/Annotations/rupiah-banknotes/50000/,rupiah-banknotes/50000/919.jpg,224,224,50000,0,0,0,4.65,61.63,219.08,160.36
rupiah_banknotes_pascalvoc/Annotations/rupiah-banknotes/10000/,rupiah-banknotes/10000/0 (2).jpg,224,224,10000,0,0,0,11.61,55.1,221.26,159.06
rupiah_banknotes_pascalvoc/Annotations/rupiah-banknotes/20000/,rupiah-banknotes/20000/150.jpg,224,224,20000,0,0,0,9.87,60.32,219.95,156.88
rupiah_banknotes_pascalvoc/Annotations/rupiah-banknotes/50000/,rupiah-banknotes/50000/666.jpg,224,224,50000,0,0,0,2.91,46.41,221.69,150.79
rupiah_banknotes_pascalvoc/Annotations/rupiah-banknotes/5000/,rupiah-banknotes/5000/363.jpg,224,224,5000,0,0,0,7.26,33.79,220.39,143.4
rupiah_banknotes_pascalvoc/Annotations/rupiah-banknotes/2000/,rupiah-banknotes/2000/969.jpg,224,224,2000,0,0,0,8.56,49.45,224.0,139.92
rupiah_banknotes_pascalvoc/Annotations/rupiah-banknotes/10000/,rupiah-banknotes/10000/721.jpg,224,224,10000,0,0,0,7.69,50.75,217.34,156.01
rupiah_banknotes_pascalvoc/Annotations/rupiah-banknotes/2000/,rupiah-banknotes/2000/1023.jpg,224,224,2000,0,0,0,13.35,27.7,219.95,137.31
rupiah_banknotes_pascalvoc/Annotations/rupiah-banknotes/2000/,rupiah-banknotes/2000/738.jpg,224,224,2000,0,0,0,9.0,64.67,223.87,179.5
rupiah_banknotes_pascalvoc/Annotations/rupiah-banknotes/20000/,rupiah-banknotes/20000/215.jpg,224,224,20000,0,0,0,11.61,37.71,219.52000000000004,135.14
rupiah_banknotes_pascalvoc/Annotations/rupiah-banknotes/75000/,rupiah-banknotes/75000/402.jpg,224,224,75000,0,0,0,0.74,70.33,222.13,178.2
rupiah_banknotes_pascalvoc/Annotations/rupiah-banknotes/10000/,rupiah-banknotes/10000/424.jpg,224,224,10000,0,0,0,6.39,62.06,220.39,168.63
rupiah_banknotes_pascalvoc/Annotations/rupiah-banknotes/10000/,rupiah-banknotes/10000/175.jpg,224,224,10000,0,0,0,7.26,49.88,217.34,153.4
rupiah_banknotes_pascalvoc/Annotations/rupiah-banknotes/5000/,rupiah-banknotes/5000/917.jpg,224,224,5000,0,0,0,10.3,56.41,216.91,161.23
rupiah_banknotes_pascalvoc/Annotations/rupiah-banknotes/50000/,rupiah-banknotes/50000/450 - Copy.jpg,224,224,50000,0,0,0,4.22,60.76,221.26,167.76
rupiah_banknotes_pascalvoc/Annotations/rupiah-banknotes/10000/,rupiah-banknotes/10000/805.jpg,224,224,10000,0,0,0,5.08,44.67,222.56,145.14
rupiah_banknotes_pascalvoc/Annotations/rupiah-banknotes/75000/,rupiah-banknotes/75000/134.jpg,224,224,75000,0,0,0,9.87,54.23,221.3,159.49
rupiah_banknotes_pascalvoc/Annotations/rupiah-banknotes/20000/,rupiah-banknotes/20000/660.jpg,224,224,20000,0,0,0,10.3,51.62,224.0,157.32
rupiah_banknotes_pascalvoc/Annotations/rupiah-banknotes/20000/,rupiah-banknotes/20000/1053.jpg,224,224,20000,0,0,0,12.91,49.02,213.86,146.44
rupiah_banknotes_pascalvoc/Annotations/rupiah-banknotes/75000/,rupiah-banknotes/75000/768.jpg,224,224,75000,0,0,0,0.3,54.67,220.39,164.71
rupiah_banknotes_pascalvoc/Annotations/rupiah-banknotes/20000/,rupiah-banknotes/20000/1054.jpg,224,224,20000,0,0,0,7.69,53.8,220.82,156.88
rupiah_banknotes_pascalvoc/Annotations/rupiah-banknotes/2000/,rupiah-banknotes/2000/194.jpg,224,224,2000,0,0,0,0.3,77.29,219.08,197.33
rupiah_banknotes_pascalvoc/Annotations/rupiah-banknotes/2000/,rupiah-banknotes/2000/489.jpg,224,224,2000,0,0,0,4.65,58.58,212.56,165.15
rupiah_banknotes_pascalvoc/Annotations/rupiah-banknotes/50000/,rupiah-banknotes/50000/911.jpg,224,224,50000,0,0,0,7.69,54.67,218.78,159.93
rupiah_banknotes_pascalvoc/Annotations/rupiah-banknotes/10000/,rupiah-banknotes/10000/340.jpg,224,224,10000,0,0,0,2.48,54.67,219.52,160.36
rupiah_banknotes_pascalvoc/Annotations/rupiah-banknotes/75000/,rupiah-banknotes/75000/349.jpg,224,224,75000,0,0,0,6.96,59.89,224.0,158.62
rupiah_banknotes_pascalvoc/Annotations/rupiah-banknotes/10000/,rupiah-banknotes/10000/339.jpg,224,224,10000,0,0,0,10.74,58.58,224.0,152.1
rupiah_banknotes_pascalvoc/Annotations/rupiah-banknotes/5000/,rupiah-banknotes/5000/359.jpg,224,224,5000,0,0,0,5.52,46.41,220.39,145.57
rupiah_banknotes_pascalvoc/Annotations/rupiah-banknotes/2000/,rupiah-banknotes/2000/188.jpg,224,224,2000,0,0,0,5.08,53.8,212.56,150.36
rupiah_banknotes_pascalvoc/Annotations/rupiah-banknotes/1000/,rupiah-banknotes/1000/171.jpg,224,224,1000,0,0,0,4.34,38.44,218.34,159.79
rupiah_banknotes_pascalvoc/Annotations/rupiah-banknotes/10000/,rupiah-banknotes/10000/668.jpg,224,224,10000,0,0,0,8.13,46.84,221.69,149.92
rupiah_banknotes_pascalvoc/Annotations/rupiah-banknotes/50000/,rupiah-banknotes/50000/1066.jpg,224,224,50000,0,0,0,1.61,63.8,219.08,169.5
rupiah_banknotes_pascalvoc/Annotations/rupiah-banknotes/2000/,rupiah-banknotes/2000/1105.jpg,224,224,2000,0,0,0,9.43,61.63,220.82,159.93
rupiah_banknotes_pascalvoc/Annotations/rupiah-banknotes/50000/,rupiah-banknotes/50000/977.jpg,224,224,50000,0,0,0,2.91,39.88,223.0,144.27
rupiah_banknotes_pascalvoc/Annotations/rupiah-banknotes/1000/,rupiah-banknotes/1000/1121.jpg,224,224,1000,0,0,0,0.0,31.92,220.08,150.66
rupiah_banknotes_pascalvoc/Annotations/rupiah-banknotes/2000/,rupiah-banknotes/2000/1040.jpg,224,224,2000,0,0,0,13.78,35.97,221.26,149.92
rupiah_banknotes_pascalvoc/Annotations/rupiah-banknotes/2000/,rupiah-banknotes/2000/490.jpg,224,224,2000,0,0,0,12.04,60.32,212.12,160.36
rupiah_banknotes_pascalvoc/Annotations/rupiah-banknotes/1000/,rupiah-banknotes/1000/227.jpg,224,224,1000,0,0,0,6.08,41.49,223.12,161.1
rupiah_banknotes_pascalvoc/Annotations/rupiah-banknotes/5000/,rupiah-banknotes/5000/484.jpg,224,224,5000,0,0,0,8.56,44.67,223.0,156.88
rupiah_banknotes_pascalvoc/Annotations/rupiah-banknotes/10000/,rupiah-banknotes/10000/619.jpg,224,224,10000,0,0,0,7.26,48.58,224.0,154.7
rupiah_banknotes_pascalvoc/Annotations/rupiah-banknotes/1000/,rupiah-banknotes/1000/313.jpg,224,224,1000,0,0,0,8.7,44.97,202.68,137.6
rupiah_banknotes_pascalvoc/Annotations/rupiah-banknotes/20000/,rupiah-banknotes/20000/796.jpg,224,224,20000,0,0,0,8.13,39.01,216.91,139.92
rupiah_banknotes_pascalvoc/Annotations/rupiah-banknotes/100000/,rupiah-banknotes/100000/42.jpg,224,224,100000,0,0,0,5.95,46.41,222.13,139.05
rupiah_banknotes_pascalvoc/Annotations/rupiah-banknotes/100000/,rupiah-banknotes/100000/984.jpg,224,224,100000,0,0,0,8.56,58.58,222.56,167.32
rupiah_banknotes_pascalvoc/Annotations/rupiah-banknotes/50000/,rupiah-banknotes/50000/172.jpg,224,224,50000,0,0,0,9.0,55.1,219.52,151.66
rupiah_banknotes_pascalvoc/Annotations/rupiah-banknotes/5000/,rupiah-banknotes/5000/1150.jpg,224,224,5000,0,0,0,6.82,48.15,219.08,145.57
rupiah_banknotes_pascalvoc/Annotations/rupiah-banknotes/100000/,rupiah-banknotes/100000/694.jpg,224,224,100000,0,0,0,7.26,41.19,216.91,140.35
rupiah_banknotes_pascalvoc/Annotations/rupiah-banknotes/50000/,rupiah-banknotes/50000/1011.jpg,224,224,50000,0,0,0,2.91,43.8,222.56,151.66
rupiah_banknotes_pascalvoc/Annotations/rupiah-banknotes/10000/,rupiah-banknotes/10000/460.jpg,224,224,10000,0,0,0,8.56,50.75,221.26,136.88
rupiah_banknotes_pascalvoc/Annotations/rupiah-banknotes/10000/,rupiah-banknotes/10000/183.jpg,224,224,10000,0,0,0,6.82,58.58,217.78,150.79
rupiah_banknotes_pascalvoc/Annotations/rupiah-banknotes/5000/,rupiah-banknotes/5000/264.jpg,224,224,5000,0,0,0,6.39,55.97,224.0,153.84
rupiah_banknotes_pascalvoc/Annotations/rupiah-banknotes/2000/,rupiah-banknotes/2000/381.jpg,224,224,2000,0,0,0,5.08,58.58,221.26,180.81
rupiah_banknotes_pascalvoc/Annotations/rupiah-banknotes/100000/,rupiah-banknotes/100000/851.jpg,224,224,100000,0,0,0,6.83,39.88,220.82,134.27
rupiah_banknotes_pascalvoc/Annotations/rupiah-banknotes/10000/,rupiah-banknotes/10000/1106.jpg,224,224,10000,0,0,0,13.35,50.32,223.0,152.97
rupiah_banknotes_pascalvoc/Annotations/rupiah-banknotes/20000/,rupiah-banknotes/20000/356.jpg,224,224,20000,0,0,0,12.04,35.1,209.51,130.79
rupiah_banknotes_pascalvoc/Annotations/rupiah-banknotes/10000/,rupiah-banknotes/10000/676.jpg,224,224,10000,0,0,0,5.52,43.36,217.34,147.75
rupiah_banknotes_pascalvoc/Annotations/rupiah-banknotes/2000/,rupiah-banknotes/2000/550.jpg,224,224,2000,0,0,0,7.26,75.98,209.95,189.07
rupiah_banknotes_pascalvoc/Annotations/rupiah-banknotes/5000/,rupiah-banknotes/5000/123.jpg,224,224,5000,0,0,0,8.13,46.41,224.0,154.71
rupiah_banknotes_pascalvoc/Annotations/rupiah-banknotes/1000/,rupiah-banknotes/1000/473.jpg,224,224,1000,0,0,0,7.82,38.44,219.21,164.14
rupiah_banknotes_pascalvoc/Annotations/rupiah-banknotes/5000/,rupiah-banknotes/5000/126.jpg,224,224,5000,0,0,0,8.13,47.28,217.34,143.83
rupiah_banknotes_pascalvoc/Annotations/rupiah-banknotes/100000/,rupiah-banknotes/100000/169.jpg,224,224,100000,0,0,0,5.95,55.54,220.82,153.4
rupiah_banknotes_pascalvoc/Annotations/rupiah-banknotes/100000/,rupiah-banknotes/100000/783.jpg,224,224,100000,0,0,0,5.08,59.45,222.56,156.88
rupiah_banknotes_pascalvoc/Annotations/rupiah-banknotes/1000/,rupiah-banknotes/1000/128.jpg,224,224,1000,0,0,0,6.52,37.14,220.08,154.14
rupiah_banknotes_pascalvoc/Annotations/rupiah-banknotes/20000/,rupiah-banknotes/20000/81.jpg,224,224,20000,0,0,0,10.3,53.8,223.87,149.49
rupiah_banknotes_pascalvoc/Annotations/rupiah-banknotes/2000/,rupiah-banknotes/2000/208.jpg,224,224,2000,0,0,0,13.35,54.23,224.0,162.97
rupiah_banknotes_pascalvoc/Annotations/rupiah-banknotes/100000/,rupiah-banknotes/100000/490.jpg,224,224,100000,0,0,0,12.04,48.58,221.26,151.23
rupiah_banknotes_pascalvoc/Annotations/rupiah-banknotes/75000/,rupiah-banknotes/75000/558.jpg,224,224,75000,0,0,0,2.48,55.97,218.65,166.45
rupiah_banknotes_pascalvoc/Annotations/rupiah-banknotes/75000/,rupiah-banknotes/75000/362.jpg,224,224,75000,0,0,0,2.91,53.36,223.43,166.45
rupiah_banknotes_pascalvoc/Annotations/rupiah-banknotes/75000/,rupiah-banknotes/75000/377.jpg,224,224,75000,0,0,0,0.0,59.02,223.0,161.67
rupiah_banknotes_pascalvoc/Annotations/rupiah-banknotes/10000/,rupiah-banknotes/10000/879.jpg,224,224,10000,0,0,0,5.08,61.19,222.13,171.24
rupiah_banknotes_pascalvoc/Annotations/rupiah-banknotes/10000/,rupiah-banknotes/10000/1123.jpg,224,224,10000,0,0,0,10.74,49.02,223.87,158.62
rupiah_banknotes_pascalvoc/Annotations/rupiah-banknotes/75000/,rupiah-banknotes/75000/652.jpg,224,224,75000,0,0,0,10.3,41.19,222.6,141.22
rupiah_banknotes_pascalvoc/Annotations/rupiah-banknotes/5000/,rupiah-banknotes/5000/483.jpg,224,224,5000,0,0,0,8.13,65.11,214.3,165.58
rupiah_banknotes_pascalvoc/Annotations/rupiah-banknotes/1000/,rupiah-banknotes/1000/927.jpg,224,224,1000,0,0,0,13.48,48.01,218.77,163.27
rupiah_banknotes_pascalvoc/Annotations/rupiah-banknotes/10000/,rupiah-banknotes/10000/738.jpg,224,224,10000,0,0,0,5.08,51.62,220.39,156.88
rupiah_banknotes_pascalvoc/Annotations/rupiah-banknotes/2000/,rupiah-banknotes/2000/1002.jpg,224,224,2000,0,0,0,7.69,69.02,223.43,164.71
rupiah_banknotes_pascalvoc/Annotations/rupiah-banknotes/5000/,rupiah-banknotes/5000/1015.jpg,224,224,5000,0,0,0,9.43,49.02,216.04,158.19
rupiah_banknotes_pascalvoc/Annotations/rupiah-banknotes/5000/,rupiah-banknotes/5000/423.jpg,224,224,5000,0,0,0,7.69,48.15,224.0,156.45
rupiah_banknotes_pascalvoc/Annotations/rupiah-banknotes/50000/,rupiah-banknotes/50000/1062.jpg,224,224,50000,0,0,0,9.43,25.53,221.26,131.66
rupiah_banknotes_pascalvoc/Annotations/rupiah-banknotes/5000/,rupiah-banknotes/5000/157.jpg,224,224,5000,0,0,0,11.61,42.93,219.52000000000004,153.84
rupiah_banknotes_pascalvoc/Annotations/rupiah-banknotes/50000/,rupiah-banknotes/50000/560.jpg,224,224,50000,0,0,0,5.08,43.36,221.69,148.62
rupiah_banknotes_pascalvoc/Annotations/rupiah-banknotes/5000/,rupiah-banknotes/5000/966.jpg,224,224,5000,0,0,0,7.69,52.93,215.6,163.41
rupiah_banknotes_pascalvoc/Annotations/rupiah-banknotes/1000/,rupiah-banknotes/1000/1051.jpg,224,224,1000,0,0,0,12.17,61.49,208.77,159.79
rupiah_banknotes_pascalvoc/Annotations/rupiah-banknotes/75000/,rupiah-banknotes/75000/673.jpg,224,224,75000,0,0,0,6.82,46.4,219.08,149.92
rupiah_banknotes_pascalvoc/Annotations/rupiah-banknotes/1000/,rupiah-banknotes/1000/405.jpg,224,224,1000,0,0,0,10.43,25.83,207.46,148.05
rupiah_banknotes_pascalvoc/Annotations/rupiah-banknotes/20000/,rupiah-banknotes/20000/749.jpg,224,224,20000,0,0,0,8.56,45.54,221.26,140.79
rupiah_banknotes_pascalvoc/Annotations/rupiah-banknotes/5000/,rupiah-banknotes/5000/586.jpg,224,224,5000,0,0,0,6.39,40.75,221.69,157.75
rupiah_banknotes_pascalvoc/Annotations/rupiah-banknotes/10000/,rupiah-banknotes/10000/653.jpg,224,224,10000,0,0,0,5.52,45.1,215.17,149.49
rupiah_banknotes_pascalvoc/Annotations/rupiah-banknotes/1000/,rupiah-banknotes/1000/127.jpg,224,224,1000,0,0,0,5.21,38.01,219.64,151.96
rupiah_banknotes_pascalvoc/Annotations/rupiah-banknotes/1000/,rupiah-banknotes/1000/415.jpg,224,224,1000,0,0,0,6.08,42.79,221.82,162.4
rupiah_banknotes_pascalvoc/Annotations/rupiah-banknotes/75000/,rupiah-banknotes/75000/499.jpg,224,224,75000,0,0,0,3.78,65.11,224.0,166.89
rupiah_banknotes_pascalvoc/Annotations/rupiah-banknotes/75000/,rupiah-banknotes/75000/2.jpg,224,224,75000,0,0,0,5.08,62.93,221.69,163.84
rupiah_banknotes_pascalvoc/Annotations/rupiah-banknotes/1000/,rupiah-banknotes/1000/1027.jpg,224,224,1000,0,0,0,19.56,58.88,208.33,158.92
rupiah_banknotes_pascalvoc/Annotations/rupiah-banknotes/5000/,rupiah-banknotes/5000/313.jpg,224,224,5000,0,0,0,6.3,65.89,222.04,168.1
rupiah_banknotes_pascalvoc/Annotations/rupiah-banknotes/20000/,rupiah-banknotes/20000/86.jpg,224,224,20000,0,0,0,6.39,42.06,223.87,151.23
rupiah_banknotes_pascalvoc/Annotations/rupiah-banknotes/2000/,rupiah-banknotes/2000/148 (2).jpg,224,224,2000,0,0,0,7.69,47.28,224.0,168.19
rupiah_banknotes_pascalvoc/Annotations/rupiah-banknotes/5000/,rupiah-banknotes/5000/210.jpg,224,224,5000,0,0,0,15.09,39.01,218.21,145.14
rupiah_banknotes_pascalvoc/Annotations/rupiah-banknotes/20000/,rupiah-banknotes/20000/436.jpg,224,224,20000,0,0,0,5.52,39.45,219.95,140.35
rupiah_banknotes_pascalvoc/Annotations/rupiah-banknotes/50000/,rupiah-banknotes/50000/870.jpg,224,224,50000,0,0,0,8.56,54.67,220.82,158.19
rupiah_banknotes_pascalvoc/Annotations/rupiah-banknotes/100000/,rupiah-banknotes/100000/838 (2).jpg,224,224,100000,0,0,0,7.26,44.23,219.52,140.35
rupiah_banknotes_pascalvoc/Annotations/rupiah-banknotes/1000/,rupiah-banknotes/1000/95.jpg,224,224,1000,0,0,0,4.78,57.14,217.47,176.76
rupiah_banknotes_pascalvoc/Annotations/rupiah-banknotes/100000/,rupiah-banknotes/100000/848.jpg,224,224,100000,0,0,0,10.3,47.71,219.08,147.31
rupiah_banknotes_pascalvoc/Annotations/rupiah-banknotes/20000/,rupiah-banknotes/20000/862.jpg,224,224,20000,0,0,0,7.69,48.14,216.91,154.27
rupiah_banknotes_pascalvoc/Annotations/rupiah-banknotes/100000/,rupiah-banknotes/100000/197.jpg,224,224,100000,0,0,0,7.69,64.67,220.39,161.67
rupiah_banknotes_pascalvoc/Annotations/rupiah-banknotes/1000/,rupiah-banknotes/1000/233.jpg,224,224,1000,0,0,0,7.82,52.36,206.59,149.79
rupiah_banknotes_pascalvoc/Annotations/rupiah-banknotes/5000/,rupiah-banknotes/5000/855.jpg,224,224,5000,0,0,0,10.74,45.1,217.34,163.41
rupiah_banknotes_pascalvoc/Annotations/rupiah-banknotes/100000/,rupiah-banknotes/100000/572.jpg,224,224,100000,0,0,0,5.52,39.45,219.95,135.57
rupiah_banknotes_pascalvoc/Annotations/rupiah-banknotes/20000/,rupiah-banknotes/20000/374.jpg,224,224,20000,0,0,0,6.82,42.49,218.21,138.18
rupiah_banknotes_pascalvoc/Annotations/rupiah-banknotes/1000/,rupiah-banknotes/1000/427.jpg,224,224,1000,0,0,0,2.61,40.66,222.9,160.27
rupiah_banknotes_pascalvoc/Annotations/rupiah-banknotes/2000/,rupiah-banknotes/2000/630.jpg,224,224,2000,0,0,0,9.0,66.41,220.82,172.11
rupiah_banknotes_pascalvoc/Annotations/rupiah-banknotes/100000/,rupiah-banknotes/100000/234.jpg,224,224,100000,0,0,0,5.96,61.19,224.0,154.27
rupiah_banknotes_pascalvoc/Annotations/rupiah-banknotes/1000/,rupiah-banknotes/1000/304.jpg,224,224,1000,0,0,0,6.95,43.23,216.6,163.71
rupiah_banknotes_pascalvoc/Annotations/rupiah-banknotes/10000/,rupiah-banknotes/10000/472.jpg,224,224,10000,0,0,0,8.13,53.8,216.04,139.92
rupiah_banknotes_pascalvoc/Annotations/rupiah-banknotes/100000/,rupiah-banknotes/100000/317.jpg,224,224,100000,0,0,0,9.43,70.76,216.91,165.58
rupiah_banknotes_pascalvoc/Annotations/rupiah-banknotes/75000/,rupiah-banknotes/75000/396.jpg,224,224,75000,0,0,0,7.7,69.89,219.08,179.5
rupiah_banknotes_pascalvoc/Annotations/rupiah-banknotes/2000/,rupiah-banknotes/2000/721.jpg,224,224,2000,0,0,0,1.17,69.89,220.43,182.11
rupiah_banknotes_pascalvoc/Annotations/rupiah-banknotes/20000/,rupiah-banknotes/20000/688.jpg,224,224,20000,0,0,0,9.43,37.71,214.73,139.48
rupiah_banknotes_pascalvoc/Annotations/rupiah-banknotes/2000/,rupiah-banknotes/2000/666.jpg,224,224,2000,0,0,0,7.26,62.93,213.43,170.37
rupiah_banknotes_pascalvoc/Annotations/rupiah-banknotes/20000/,rupiah-banknotes/20000/40.jpg,224,224,20000,0,0,0,8.56,49.88,224.0,147.31
rupiah_banknotes_pascalvoc/Annotations/rupiah-banknotes/75000/,rupiah-banknotes/75000/41.jpg,224,224,75000,0,0,0,5.08,56.41,221.26,156.45
rupiah_banknotes_pascalvoc/Annotations/rupiah-banknotes/10000/,rupiah-banknotes/10000/702.jpg,224,224,10000,0,0,0,2.48,53.36,222.56,151.66
rupiah_banknotes_pascalvoc/Annotations/rupiah-banknotes/50000/,rupiah-banknotes/50000/309.jpg,224,224,50000,0,0,0,7.69,43.8,218.21,143.4
rupiah_banknotes_pascalvoc/Annotations/rupiah-banknotes/10000/,rupiah-banknotes/10000/190.jpg,224,224,10000,0,0,0,4.22,59.02,213.86,148.18
rupiah_banknotes_pascalvoc/Annotations/rupiah-banknotes/5000/,rupiah-banknotes/5000/43.jpg,224,224,5000,0,0,0,6.39,45.1,217.34,145.14
rupiah_banknotes_pascalvoc/Annotations/rupiah-banknotes/10000/,rupiah-banknotes/10000/948.jpg,224,224,10000,0,0,0,5.52,58.58,221.26,164.71
rupiah_banknotes_pascalvoc/Annotations/rupiah-banknotes/50000/,rupiah-banknotes/50000/316.jpg,224,224,50000,0,0,0,6.39,68.15,223.43,170.37
rupiah_banknotes_pascalvoc/Annotations/rupiah-banknotes/50000/,rupiah-banknotes/50000/486.jpg,224,224,50000,0,0,0,5.52,38.14,222.13,136.01
rupiah_banknotes_pascalvoc/Annotations/rupiah-banknotes/5000/,rupiah-banknotes/5000/1.jpg,224,224,5000,0,0,0,10.74,36.4,217.78,137.31
rupiah_banknotes_pascalvoc/Annotations/rupiah-banknotes/5000/,rupiah-banknotes/5000/130.jpg,224,224,5000,0,0,0,5.52,48.15,218.65,149.05
rupiah_banknotes_pascalvoc/Annotations/rupiah-banknotes/5000/,rupiah-banknotes/5000/236.jpg,224,224,5000,0,0,0,3.35,26.4,222.6,132.09
rupiah_banknotes_pascalvoc/Annotations/rupiah-banknotes/75000/,rupiah-banknotes/75000/495.jpg,224,224,75000,0,0,0,2.91,63.37,221.69,167.76
rupiah_banknotes_pascalvoc/Annotations/rupiah-banknotes/50000/,rupiah-banknotes/50000/176.jpg,224,224,50000,0,0,0,7.69,43.36,210.82,142.53
rupiah_banknotes_pascalvoc/Annotations/rupiah-banknotes/50000/,rupiah-banknotes/50000/42.jpg,224,224,50000,0,0,0,8.13,69.02,220.39,173.41
rupiah_banknotes_pascalvoc/Annotations/rupiah-banknotes/1000/,rupiah-banknotes/1000/583.jpg,224,224,1000,0,0,0,6.52,32.79,213.55,139.35
rupiah_banknotes_pascalvoc/Annotations/rupiah-banknotes/75000/,rupiah-banknotes/75000/42.jpg,224,224,75000,0,0,0,5.08,55.54,220.82,159.93
rupiah_banknotes_pascalvoc/Annotations/rupiah-banknotes/20000/,rupiah-banknotes/20000/829.jpg,224,224,20000,0,0,0,7.69,54.67,219.52,156.45
rupiah_banknotes_pascalvoc/Annotations/rupiah-banknotes/10000/,rupiah-banknotes/10000/61.jpg,224,224,10000,0,0,0,9.87,58.58,216.47,161.67
rupiah_banknotes_pascalvoc/Annotations/rupiah-banknotes/20000/,rupiah-banknotes/20000/410.jpg,224,224,20000,0,0,0,9.57,60.32,221.69,166.89
rupiah_banknotes_pascalvoc/Annotations/rupiah-banknotes/5000/,rupiah-banknotes/5000/15.jpg,224,224,5000,0,0,0,11.17,56.41,218.65,162.97
rupiah_banknotes_pascalvoc/Annotations/rupiah-banknotes/10000/,rupiah-banknotes/10000/565.jpg,224,224,10000,0,0,0,5.95,47.71,215.17,156.45
rupiah_banknotes_pascalvoc/Annotations/rupiah-banknotes/2000/,rupiah-banknotes/2000/1074.jpg,224,224,2000,0,0,0,9.0,38.58,222.6,155.14
rupiah_banknotes_pascalvoc/Annotations/rupiah-banknotes/10000/,rupiah-banknotes/10000/926.jpg,224,224,10000,0,0,0,7.69,43.8,217.34,148.18
rupiah_banknotes_pascalvoc/Annotations/rupiah-banknotes/5000/,rupiah-banknotes/5000/271.jpg,224,224,5000,0,0,0,8.56,44.23,212.56,156.88
rupiah_banknotes_pascalvoc/Annotations/rupiah-banknotes/2000/,rupiah-banknotes/2000/637.jpg,224,224,2000,0,0,0,7.69,65.98,219.08,179.07
rupiah_banknotes_pascalvoc/Annotations/rupiah-banknotes/2000/,rupiah-banknotes/2000/81.jpg,224,224,2000,0,0,0,6.39,51.62,214.3,152.1
rupiah_banknotes_pascalvoc/Annotations/rupiah-banknotes/50000/,rupiah-banknotes/50000/727.jpg,224,224,50000,0,0,0,4.22,36.84,216.47,136.44
rupiah_banknotes_pascalvoc/Annotations/rupiah-banknotes/5000/,rupiah-banknotes/5000/357.jpg,224,224,5000,0,0,0,8.56,45.1,224.0,140.79
rupiah_banknotes_pascalvoc/Annotations/rupiah-banknotes/10000/,rupiah-banknotes/10000/44.jpg,224,224,10000,0,0,0,7.26,58.58,223.43,162.1
rupiah_banknotes_pascalvoc/Annotations/rupiah-banknotes/50000/,rupiah-banknotes/50000/50.jpg,224,224,50000,0,0,0,9.87,70.76,223.0,171.24
rupiah_banknotes_pascalvoc/Annotations/rupiah-banknotes/5000/,rupiah-banknotes/5000/265.jpg,224,224,5000,0,0,0,5.52,58.15,224.0,156.45
rupiah_banknotes_pascalvoc/Annotations/rupiah-banknotes/10000/,rupiah-banknotes/10000/1095.jpg,224,224,10000,0,0,0,13.78,51.19,219.95,153.84
rupiah_banknotes_pascalvoc/Annotations/rupiah-banknotes/100000/,rupiah-banknotes/100000/2.jpg,224,224,100000,0,0,0,3.35,60.32,218.21,158.19
rupiah_banknotes_pascalvoc/Annotations/rupiah-banknotes/5000/,rupiah-banknotes/5000/224.jpg,224,224,5000,0,0,0,1.61,23.79,215.6,136.44
rupiah_banknotes_pascalvoc/Annotations/rupiah-banknotes/50000/,rupiah-banknotes/50000/988.jpg,224,224,50000,0,0,0,6.82,42.06,220.82,149.05
rupiah_banknotes_pascalvoc/Annotations/rupiah-banknotes/10000/,rupiah-banknotes/10000/1.jpg,224,224,10000,0,0,0,9.0,49.88,212.99,141.66
rupiah_banknotes_pascalvoc/Annotations/rupiah-banknotes/20000/,rupiah-banknotes/20000/177.jpg,224,224,20000,0,0,0,7.69,39.01,221.69,152.1
rupiah_banknotes_pascalvoc/Annotations/rupiah-banknotes/20000/,rupiah-banknotes/20000/165.jpg,224,224,20000,0,0,0,4.22,45.54,218.21,148.18
rupiah_banknotes_pascalvoc/Annotations/rupiah-banknotes/10000/,rupiah-banknotes/10000/134.jpg,224,224,10000,0,0,0,6.39,39.45,221.26,132.96
rupiah_banknotes_pascalvoc/Annotations/rupiah-banknotes/1000/,rupiah-banknotes/1000/44.jpg,224,224,1000,0,0,0,7.39,68.45,212.25,162.84
rupiah_banknotes_pascalvoc/Annotations/rupiah-banknotes/10000/,rupiah-banknotes/10000/434.jpg,224,224,10000,0,0,0,9.87,55.97,213.86,145.57
rupiah_banknotes_pascalvoc/Annotations/rupiah-banknotes/20000/,rupiah-banknotes/20000/1008.jpg,224,224,20000,0,0,0,10.3,24.66,216.04,122.09
rupiah_banknotes_pascalvoc/Annotations/rupiah-banknotes/75000/,rupiah-banknotes/75000/128.jpg,224,224,75000,0,0,0,8.56,57.28,221.26,160.8
rupiah_banknotes_pascalvoc/Annotations/rupiah-banknotes/100000/,rupiah-banknotes/100000/1066.jpg,224,224,100000,0,0,0,5.95,63.8,223.43,162.54
rupiah_banknotes_pascalvoc/Annotations/rupiah-banknotes/50000/,rupiah-banknotes/50000/258.jpg,224,224,50000,0,0,0,7.26,55.1,218.21,162.54
rupiah_banknotes_pascalvoc/Annotations/rupiah-banknotes/5000/,rupiah-banknotes/5000/766.jpg,224,224,5000,0,0,0,14.22,52.03,219.48,141.66
rupiah_banknotes_pascalvoc/Annotations/rupiah-banknotes/1000/,rupiah-banknotes/1000/109.jpg,224,224,1000,0,0,0,17.83,29.31,219.20999999999998,137.18
rupiah_banknotes_pascalvoc/Annotations/rupiah-banknotes/50000/,rupiah-banknotes/50000/1057.jpg,224,224,50000,0,0,0,0.3,63.8,223.43,170.37
rupiah_banknotes_pascalvoc/Annotations/rupiah-banknotes/1000/,rupiah-banknotes/1000/301.jpg,224,224,1000,0,0,0,12.17,51.93,208.33,149.35
rupiah_banknotes_pascalvoc/Annotations/rupiah-banknotes/20000/,rupiah-banknotes/20000/477.jpg,224,224,20000,0,0,0,8.56,51.19,217.78,154.27
rupiah_banknotes_pascalvoc/Annotations/rupiah-banknotes/100000/,rupiah-banknotes/100000/47.jpg,224,224,100000,0,0,0,3.78,49.88,218.65,152.53
rupiah_banknotes_pascalvoc/Annotations/rupiah-banknotes/2000/,rupiah-banknotes/2000/102.jpg,224,224,2000,0,0,0,10.3,34.66,218.65,152.97
rupiah_banknotes_pascalvoc/Annotations/rupiah-banknotes/5000/,rupiah-banknotes/5000/588.jpg,224,224,5000,0,0,0,9.87,44.23,221.26,156.01
rupiah_banknotes_pascalvoc/Annotations/rupiah-banknotes/5000/,rupiah-banknotes/5000/335.jpg,224,224,5000,0,0,0,9.43,34.23,223.57,140.79
rupiah_banknotes_pascalvoc/Annotations/rupiah-banknotes/5000/,rupiah-banknotes/5000/410.jpg,224,224,5000,0,0,0,7.26,46.41,222.56,152.97
rupiah_banknotes_pascalvoc/Annotations/rupiah-banknotes/100000/,rupiah-banknotes/100000/564.jpg,224,224,100000,0,0,0,6.39,58.58,223.43,160.36
rupiah_banknotes_pascalvoc/Annotations/rupiah-banknotes/100000/,rupiah-banknotes/100000/983.jpg,224,224,100000,0,0,0,7.26,58.58,218.21,168.19
rupiah_banknotes_pascalvoc/Annotations/rupiah-banknotes/20000/,rupiah-banknotes/20000/14.jpg,224,224,20000,0,0,0,2.48,54.67,224.0,159.49
rupiah_banknotes_pascalvoc/Annotations/rupiah-banknotes/10000/,rupiah-banknotes/10000/428.jpg,224,224,10000,0,0,0,12.91,55.1,212.56,145.14
rupiah_banknotes_pascalvoc/Annotations/rupiah-banknotes/5000/,rupiah-banknotes/5000/938.jpg,224,224,5000,0,0,0,9.44,66.41,219.95,157.32
rupiah_banknotes_pascalvoc/Annotations/rupiah-banknotes/50000/,rupiah-banknotes/50000/58.jpg,224,224,50000,0,0,0,5.52,70.33,223.87,179.94
rupiah_banknotes_pascalvoc/Annotations/rupiah-banknotes/20000/,rupiah-banknotes/20000/867.jpg,224,224,20000,0,0,0,9.87,41.62,218.65,144.7
rupiah_banknotes_pascalvoc/Annotations/rupiah-banknotes/10000/,rupiah-banknotes/10000/41.jpg,224,224,10000,0,0,0,11.17,63.37,214.3,155.58
rupiah_banknotes_pascalvoc/Annotations/rupiah-banknotes/10000/,rupiah-banknotes/10000/407.jpg,224,224,10000,0,0,0,3.78,59.45,218.65,166.02
rupiah_banknotes_pascalvoc/Annotations/rupiah-banknotes/5000/,rupiah-banknotes/5000/411.jpg,224,224,5000,0,0,0,9.87,46.41,217.34,156.01
rupiah_banknotes_pascalvoc/Annotations/rupiah-banknotes/50000/,rupiah-banknotes/50000/923.jpg,224,224,50000,0,0,0,5.95,57.71,222.13,157.75
rupiah_banknotes_pascalvoc/Annotations/rupiah-banknotes/5000/,rupiah-banknotes/5000/710.jpg,224,224,5000,0,0,0,8.13,56.84,219.95,155.14
rupiah_banknotes_pascalvoc/Annotations/rupiah-banknotes/2000/,rupiah-banknotes/2000/423.jpg,224,224,2000,0,0,0,6.82,45.1,223.87,161.67
rupiah_banknotes_pascalvoc/Annotations/rupiah-banknotes/20000/,rupiah-banknotes/20000/612.jpg,224,224,20000,0,0,0,9.87,45.54,215.17,142.53
rupiah_banknotes_pascalvoc/Annotations/rupiah-banknotes/2000/,rupiah-banknotes/2000/25.jpg,224,224,2000,0,0,0,7.26,49.88,217.78,169.93
rupiah_banknotes_pascalvoc/Annotations/rupiah-banknotes/10000/,rupiah-banknotes/10000/811.jpg,224,224,10000,0,0,0,4.65,45.97,215.6,147.31
rupiah_banknotes_pascalvoc/Annotations/rupiah-banknotes/10000/,rupiah-banknotes/10000/172.jpg,224,224,10000,0,0,0,6.39,47.71,221.26,154.71
rupiah_banknotes_pascalvoc/Annotations/rupiah-banknotes/50000/,rupiah-banknotes/50000/312.jpg,224,224,50000,0,0,0,4.65,69.89,219.08,169.93
rupiah_banknotes_pascalvoc/Annotations/rupiah-banknotes/10000/,rupiah-banknotes/10000/349.jpg,224,224,10000,0,0,0,9.0,61.63,221.26,155.14
rupiah_banknotes_pascalvoc/Annotations/rupiah-banknotes/75000/,rupiah-banknotes/75000/310.jpg,224,224,75000,0,0,0,3.35,64.67,224.0,165.15
rupiah_banknotes_pascalvoc/Annotations/rupiah-banknotes/10000/,rupiah-banknotes/10000/980.jpg,224,224,10000,0,0,0,10.74,49.02,218.21,160.36
rupiah_banknotes_pascalvoc/Annotations/rupiah-banknotes/100000/,rupiah-banknotes/100000/782.jpg,224,224,100000,0,0,0,6.82,58.15,220.82,155.58
rupiah_banknotes_pascalvoc/Annotations/rupiah-banknotes/100000/,rupiah-banknotes/100000/925.jpg,224,224,100000,0,0,0,15.44,49.36,221.17,143.75
rupiah_banknotes_pascalvoc/Annotations/rupiah-banknotes/20000/,rupiah-banknotes/20000/0 (2).jpg,224,224,20000,0,0,0,9.43,50.75,218.21,156.01
rupiah_banknotes_pascalvoc/Annotations/rupiah-banknotes/10000/,rupiah-banknotes/10000/171.jpg,224,224,10000,0,0,0,9.0,55.54,220.82,147.31
rupiah_banknotes_pascalvoc/Annotations/rupiah-banknotes/10000/,rupiah-banknotes/10000/755.jpg,224,224,10000,0,0,0,12.04,54.67,221.26,161.23
rupiah_banknotes_pascalvoc/Annotations/rupiah-banknotes/100000/,rupiah-banknotes/100000/1.jpg,224,224,100000,0,0,0,1.61,60.32,214.73,161.23
rupiah_banknotes_pascalvoc/Annotations/rupiah-banknotes/20000/,rupiah-banknotes/20000/375.jpg,224,224,20000,0,0,0,8.13,40.32,222.56,136.01
rupiah_banknotes_pascalvoc/Annotations/rupiah-banknotes/100000/,rupiah-banknotes/100000/428.jpg,224,224,100000,0,0,0,7.26,37.71,224.0,139.05
rupiah_banknotes_pascalvoc/Annotations/rupiah-banknotes/20000/,rupiah-banknotes/20000/141.jpg,224,224,20000,0,0,0,11.17,59.45,223.0,156.88
rupiah_banknotes_pascalvoc/Annotations/rupiah-banknotes/50000/,rupiah-banknotes/50000/572.jpg,224,224,50000,0,0,0,2.04,47.71,224.0,148.18
rupiah_banknotes_pascalvoc/Annotations/rupiah-banknotes/10000/,rupiah-banknotes/10000/215.jpg,224,224,10000,0,0,0,6.39,60.32,218.21,156.01
rupiah_banknotes_pascalvoc/Annotations/rupiah-banknotes/20000/,rupiah-banknotes/20000/1.jpg,224,224,20000,0,0,0,8.56,52.49,224.0,152.1
rupiah_banknotes_pascalvoc/Annotations/rupiah-banknotes/50000/,rupiah-banknotes/50000/44.jpg,224,224,50000,0,0,0,7.26,52.49,218.21,149.92
rupiah_banknotes_pascalvoc/Annotations/rupiah-banknotes/5000/,rupiah-banknotes/5000/795.jpg,224,224,5000,0,0,0,10.3,50.32,224.0,158.19
rupiah_banknotes_pascalvoc/Annotations/rupiah-banknotes/50000/,rupiah-banknotes/50000/767.jpg,224,224,50000,0,0,0,8.56,49.88,224.0,150.36
rupiah_banknotes_pascalvoc/Annotations/rupiah-banknotes/100000/,rupiah-banknotes/100000/142.jpg,224,224,100000,0,0,0,9.87,59.89,223.43,152.1
rupiah_banknotes_pascalvoc/Annotations/rupiah-banknotes/75000/,rupiah-banknotes/75000/276.jpg,224,224,75000,0,0,0,4.22,49.02,221.26,154.71
rupiah_banknotes_pascalvoc/Annotations/rupiah-banknotes/5000/,rupiah-banknotes/5000/653.jpg,224,224,5000,0,0,0,5.08,61.19,215.17,143.4
rupiah_banknotes_pascalvoc/Annotations/rupiah-banknotes/50000/,rupiah-banknotes/50000/835.jpg,224,224,50000,0,0,0,6.82,67.28,220.82,166.89
rupiah_banknotes_pascalvoc/Annotations/rupiah-banknotes/5000/,rupiah-banknotes/5000/725.jpg,224,224,5000,0,0,0,3.35,51.62,219.52,162.1
rupiah_banknotes_pascalvoc/Annotations/rupiah-banknotes/2000/,rupiah-banknotes/2000/851.jpg,224,224,2000,0,0,0,10.3,52.93,224.0,163.84
rupiah_banknotes_pascalvoc/Annotations/rupiah-banknotes/75000/,rupiah-banknotes/75000/502.jpg,224,224,75000,0,0,0,1.17,65.11,221.69,167.76
rupiah_banknotes_pascalvoc/Annotations/rupiah-banknotes/5000/,rupiah-banknotes/5000/1105.jpg,224,224,5000,0,0,0,6.82,38.14,222.13,146.01
rupiah_banknotes_pascalvoc/Annotations/rupiah-banknotes/100000/,rupiah-banknotes/100000/619.jpg,224,224,100000,0,0,0,5.95,51.62,220.39,149.49
rupiah_banknotes_pascalvoc/Annotations/rupiah-banknotes/50000/,rupiah-banknotes/50000/129.jpg,224,224,50000,0,0,0,10.3,35.53,214.3,135.14
rupiah_banknotes_pascalvoc/Annotations/rupiah-banknotes/20000/,rupiah-banknotes/20000/395.jpg,224,224,20000,0,0,0,5.22,58.15,224.0,157.32
rupiah_banknotes_pascalvoc/Annotations/rupiah-banknotes/20000/,rupiah-banknotes/20000/953.jpg,224,224,20000,0,0,0,5.52,41.62,216.04,142.53
rupiah_banknotes_pascalvoc/Annotations/rupiah-banknotes/10000/,rupiah-banknotes/10000/1098.jpg,224,224,10000,0,0,0,7.26,64.24,223.0,165.15
rupiah_banknotes_pascalvoc/Annotations/rupiah-banknotes/100000/,rupiah-banknotes/100000/281.jpg,224,224,100000,0,0,0,6.39,56.41,223.87,158.62
rupiah_banknotes_pascalvoc/Annotations/rupiah-banknotes/50000/,rupiah-banknotes/50000/473.jpg,224,224,50000,0,0,0,5.52,30.31,222.13,137.31
rupiah_banknotes_pascalvoc/Annotations/rupiah-banknotes/2000/,rupiah-banknotes/2000/71.jpg,224,224,2000,0,0,0,12.48,45.1,216.91,154.71
rupiah_banknotes_pascalvoc/Annotations/rupiah-banknotes/100000/,rupiah-banknotes/100000/302.jpg,224,224,100000,0,0,0,2.48,42.06,221.26,143.4
rupiah_banknotes_pascalvoc/Annotations/rupiah-banknotes/5000/,rupiah-banknotes/5000/915.jpg,224,224,5000,0,0,0,10.3,54.23,216.91,162.54
rupiah_banknotes_pascalvoc/Annotations/rupiah-banknotes/2000/,rupiah-banknotes/2000/148.jpg,224,224,2000,0,0,0,16.39,56.84,212.99,160.36
rupiah_banknotes_pascalvoc/Annotations/rupiah-banknotes/20000/,rupiah-banknotes/20000/1066.jpg,224,224,20000,0,0,0,5.95,39.45,224.0,141.66
rupiah_banknotes_pascalvoc/Annotations/rupiah-banknotes/50000/,rupiah-banknotes/50000/641.jpg,224,224,50000,0,0,0,8.13,71.63,217.34,168.63
rupiah_banknotes_pascalvoc/Annotations/rupiah-banknotes/2000/,rupiah-banknotes/2000/547.jpg,224,224,2000,0,0,0,1.61,55.97,219.95,184.28
rupiah_banknotes_pascalvoc/Annotations/rupiah-banknotes/100000/,rupiah-banknotes/100000/547.jpg,224,224,100000,0,0,0,7.26,45.97,222.56,149.92
rupiah_banknotes_pascalvoc/Annotations/rupiah-banknotes/100000/,rupiah-banknotes/100000/817.jpg,224,224,100000,0,0,0,3.35,45.1,220.82,140.35
rupiah_banknotes_pascalvoc/Annotations/rupiah-banknotes/2000/,rupiah-banknotes/2000/758.jpg,224,224,2000,0,0,0,11.17,69.02,224.0,168.63
rupiah_banknotes_pascalvoc/Annotations/rupiah-banknotes/2000/,rupiah-banknotes/2000/822.jpg,224,224,2000,0,0,0,13.35,37.71,224.0,157.32
rupiah_banknotes_pascalvoc/Annotations/rupiah-banknotes/100000/,rupiah-banknotes/100000/185.jpg,224,224,100000,0,0,0,9.43,65.98,219.95,157.32
rupiah_banknotes_pascalvoc/Annotations/rupiah-banknotes/75000/,rupiah-banknotes/75000/214.jpg,224,224,75000,0,0,0,2.04,59.89,219.08,159.9
rupiah_banknotes_pascalvoc/Annotations/rupiah-banknotes/50000/,rupiah-banknotes/50000/1118.jpg,224,224,50000,0,0,0,5.08,74.68,216.47,173.85
rupiah_banknotes_pascalvoc/Annotations/rupiah-banknotes/20000/,rupiah-banknotes/20000/713.jpg,224,224,20000,0,0,0,4.65,43.8,214.3,143.83
rupiah_banknotes_pascalvoc/Annotations/rupiah-banknotes/2000/,rupiah-banknotes/2000/41.jpg,224,224,2000,0,0,0,6.39,56.84,217.34,162.97
rupiah_banknotes_pascalvoc/Annotations/rupiah-banknotes/5000/,rupiah-banknotes/5000/1054.jpg,224,224,5000,0,0,0,9.0,46.41,211.25,144.27
rupiah_banknotes_pascalvoc/Annotations/rupiah-banknotes/75000/,rupiah-banknotes/75000/766.jpg,224,224,75000,0,0,0,0.0,55.97,216.47,153.84
rupiah_banknotes_pascalvoc/Annotations/rupiah-banknotes/50000/,rupiah-banknotes/50000/913.jpg,224,224,50000,0,0,0,7.26,61.63,223.57,164.28
rupiah_banknotes_pascalvoc/Annotations/rupiah-banknotes/50000/,rupiah-banknotes/50000/717.jpg,224,224,50000,0,0,0,4.65,65.54,224.0,167.32
rupiah_banknotes_pascalvoc/Annotations/rupiah-banknotes/50000/,rupiah-banknotes/50000/341.jpg,224,224,50000,0,0,0,6.82,43.8,220.82,142.96
rupiah_banknotes_pascalvoc/Annotations/rupiah-banknotes/50000/,rupiah-banknotes/50000/276.jpg,224,224,50000,0,0,0,3.78,52.06,216.04,149.92
rupiah_banknotes_pascalvoc/Annotations/rupiah-banknotes/5000/,rupiah-banknotes/5000/451.jpg,224,224,5000,0,0,0,8.13,49.88,219.08,161.23
rupiah_banknotes_pascalvoc/Annotations/rupiah-banknotes/5000/,rupiah-banknotes/5000/717.jpg,224,224,5000,0,0,0,9.43,55.54,218.65,146.88
rupiah_banknotes_pascalvoc/Annotations/rupiah-banknotes/1000/,rupiah-banknotes/1000/812.jpg,224,224,1000,0,0,0,6.52,47.14,218.34,161.1
rupiah_banknotes_pascalvoc/Annotations/rupiah-banknotes/100000/,rupiah-banknotes/100000/377.jpg,224,224,100000,0,0,0,2.48,41.62,224.0,139.05
rupiah_banknotes_pascalvoc/Annotations/rupiah-banknotes/10000/,rupiah-banknotes/10000/506.jpg,224,224,10000,0,0,0,6.39,57.71,216.47,150.36
rupiah_banknotes_pascalvoc/Annotations/rupiah-banknotes/5000/,rupiah-banknotes/5000/180.jpg,224,224,5000,0,0,0,8.56,36.4,221.26,139.92
rupiah_banknotes_pascalvoc/Annotations/rupiah-banknotes/1000/,rupiah-banknotes/1000/29.jpg,224,224,1000,0,0,0,6.08,42.79,216.16,143.7
rupiah_banknotes_pascalvoc/Annotations/rupiah-banknotes/5000/,rupiah-banknotes/5000/320.jpg,224,224,5000,0,0,0,4.65,69.02,223.0,166.89
rupiah_banknotes_pascalvoc/Annotations/rupiah-banknotes/10000/,rupiah-banknotes/10000/635.jpg,224,224,10000,0,0,0,8.13,49.45,218.21,149.49
rupiah_banknotes_pascalvoc/Annotations/rupiah-banknotes/50000/,rupiah-banknotes/50000/367.jpg,224,224,50000,0,0,0,6.82,48.58,224.0,142.96
rupiah_banknotes_pascalvoc/Annotations/rupiah-banknotes/50000/,rupiah-banknotes/50000/288.jpg,224,224,50000,0,0,0,9.0,50.32,215.17,153.4
rupiah_banknotes_pascalvoc/Annotations/rupiah-banknotes/75000/,rupiah-banknotes/75000/1084.jpg,224,224,75000,0,0,0,0.0,50.75,216.91,156.88
rupiah_banknotes_pascalvoc/Annotations/rupiah-banknotes/1000/,rupiah-banknotes/1000/939.jpg,224,224,1000,0,0,0,3.04,51.06,211.38,162.84
rupiah_banknotes_pascalvoc/Annotations/rupiah-banknotes/5000/,rupiah-banknotes/5000/53.jpg,224,224,5000,0,0,0,7.69,59.89,217.34,172.98
rupiah_banknotes_pascalvoc/Annotations/rupiah-banknotes/100000/,rupiah-banknotes/100000/357.jpg,224,224,100000,0,0,0,8.56,36.84,218.21,135.57
rupiah_banknotes_pascalvoc/Annotations/rupiah-banknotes/5000/,rupiah-banknotes/5000/674.jpg,224,224,5000,0,0,0,11.17,51.19,217.34,139.48
rupiah_banknotes_pascalvoc/Annotations/rupiah-banknotes/20000/,rupiah-banknotes/20000/554.jpg,224,224,20000,0,0,0,4.65,32.05,223.0,135.14
rupiah_banknotes_pascalvoc/Annotations/rupiah-banknotes/5000/,rupiah-banknotes/5000/425.jpg,224,224,5000,0,0,0,3.78,45.54,224.0,146.01
rupiah_banknotes_pascalvoc/Annotations/rupiah-banknotes/50000/,rupiah-banknotes/50000/508.jpg,224,224,50000,0,0,0,10.3,48.15,209.95,144.27
rupiah_banknotes_pascalvoc/Annotations/rupiah-banknotes/100000/,rupiah-banknotes/100000/1059.jpg,224,224,100000,0,0,0,11.17,48.15,223.0,149.05
rupiah_banknotes_pascalvoc/Annotations/rupiah-banknotes/2000/,rupiah-banknotes/2000/908.jpg,224,224,2000,0,0,0,7.26,56.84,214.73,170.8
rupiah_banknotes_pascalvoc/Annotations/rupiah-banknotes/2000/,rupiah-banknotes/2000/976.jpg,224,224,2000,0,0,0,10.3,52.93,223.87,140.79
rupiah_banknotes_pascalvoc/Annotations/rupiah-banknotes/50000/,rupiah-banknotes/50000/291.jpg,224,224,50000,0,0,0,7.69,60.76,223.43,166.45
rupiah_banknotes_pascalvoc/Annotations/rupiah-banknotes/100000/,rupiah-banknotes/100000/13.jpg,224,224,100000,0,0,0,4.65,49.01,218.65,142.96
rupiah_banknotes_pascalvoc/Annotations/rupiah-banknotes/1000/,rupiah-banknotes/1000/1033.jpg,224,224,1000,0,0,0,0.43,52.36,213.99,168.93
rupiah_banknotes_pascalvoc/Annotations/rupiah-banknotes/50000/,rupiah-banknotes/50000/640.jpg,224,224,50000,0,0,0,3.35,65.54,222.13,173.85
rupiah_banknotes_pascalvoc/Annotations/rupiah-banknotes/50000/,rupiah-banknotes/50000/1106.jpg,224,224,50000,0,0,0,7.36,71.67,220.38,176.02
rupiah_banknotes_pascalvoc/Annotations/rupiah-banknotes/5000/,rupiah-banknotes/5000/374.jpg,224,224,5000,0,0,0,10.74,38.58,219.95,147.31
rupiah_banknotes_pascalvoc/Annotations/rupiah-banknotes/1000/,rupiah-banknotes/1000/962.jpg,224,224,1000,0,0,0,1.73,68.45,224.0,188.5
rupiah_banknotes_pascalvoc/Annotations/rupiah-banknotes/5000/,rupiah-banknotes/5000/672.jpg,224,224,5000,0,0,0,3.78,51.19,219.95,162.54
rupiah_banknotes_pascalvoc/Annotations/rupiah-banknotes/20000/,rupiah-banknotes/20000/1044.jpg,224,224,20000,0,0,0,9.43,65.98,221.83,170.37
rupiah_banknotes_pascalvoc/Annotations/rupiah-banknotes/5000/,rupiah-banknotes/5000/1003.jpg,224,224,5000,0,0,0,7.17,44.14,217.69,157.67
rupiah_banknotes_pascalvoc/Annotations/rupiah-banknotes/1000/,rupiah-banknotes/1000/41.jpg,224,224,1000,0,0,0,13.91,66.71,213.12,159.79
rupiah_banknotes_pascalvoc/Annotations/rupiah-banknotes/1000/,rupiah-banknotes/1000/27.jpg,224,224,1000,0,0,0,3.04,45.84,201.37,143.7
rupiah_banknotes_pascalvoc/Annotations/rupiah-banknotes/100000/,rupiah-banknotes/100000/0.jpg,224,224,100000,0,0,0,4.65,43.36,219.08,144.7
rupiah_banknotes_pascalvoc/Annotations/rupiah-banknotes/10000/,rupiah-banknotes/10000/262.jpg,224,224,10000,0,0,0,7.26,49.02,217.34,151.23
rupiah_banknotes_pascalvoc/Annotations/rupiah-banknotes/1000/,rupiah-banknotes/1000/239.jpg,224,224,1000,0,0,0,6.95,41.49,222.25,161.1
rupiah_banknotes_pascalvoc/Annotations/rupiah-banknotes/50000/,rupiah-banknotes/50000/519.jpg,224,224,50000,0,0,0,11.61,53.8,213.86,145.57
rupiah_banknotes_pascalvoc/Annotations/rupiah-banknotes/100000/,rupiah-banknotes/100000/239.jpg,224,224,100000,0,0,0,5.95,57.28,221.69,156.88
rupiah_banknotes_pascalvoc/Annotations/rupiah-banknotes/20000/,rupiah-banknotes/20000/884.jpg,224,224,20000,0,0,0,9.43,44.23,214.73,146.01
rupiah_banknotes_pascalvoc/Annotations/rupiah-banknotes/2000/,rupiah-banknotes/2000/772.jpg,224,224,2000,0,0,0,13.35,70.76,207.34,163.84
rupiah_banknotes_pascalvoc/Annotations/rupiah-banknotes/100000/,rupiah-banknotes/100000/857.jpg,224,224,100000,0,0,0,5.52,59.02,220.82,153.4
rupiah_banknotes_pascalvoc/Annotations/rupiah-banknotes/20000/,rupiah-banknotes/20000/157.jpg,224,224,20000,0,0,0,9.43,61.19,219.95,162.1
rupiah_banknotes_pascalvoc/Annotations/rupiah-banknotes/2000/,rupiah-banknotes/2000/894.jpg,224,224,2000,0,0,0,5.08,54.67,222.56,175.15
rupiah_banknotes_pascalvoc/Annotations/rupiah-banknotes/5000/,rupiah-banknotes/5000/862.jpg,224,224,5000,0,0,0,10.3,52.93,207.77,150.36
rupiah_banknotes_pascalvoc/Annotations/rupiah-banknotes/20000/,rupiah-banknotes/20000/985.jpg,224,224,20000,0,0,0,5.52,53.8,214.3,158.19
rupiah_banknotes_pascalvoc/Annotations/rupiah-banknotes/10000/,rupiah-banknotes/10000/284.jpg,224,224,10000,0,0,0,12.48,51.19,211.69,138.18
rupiah_banknotes_pascalvoc/Annotations/rupiah-banknotes/1000/,rupiah-banknotes/1000/545.jpg,224,224,1000,0,0,0,11.74,44.1,219.21,166.32
rupiah_banknotes_pascalvoc/Annotations/rupiah-banknotes/20000/,rupiah-banknotes/20000/708.jpg,224,224,20000,0,0,0,9.87,63.8,222.13,164.71
rupiah_banknotes_pascalvoc/Annotations/rupiah-banknotes/50000/,rupiah-banknotes/50000/430.jpg,224,224,50000,0,0,0,5.08,52.49,219.95,156.88
rupiah_banknotes_pascalvoc/Annotations/rupiah-banknotes/10000/,rupiah-banknotes/10000/2.jpg,224,224,10000,0,0,0,5.52,47.28,218.65,143.4
rupiah_banknotes_pascalvoc/Annotations/rupiah-banknotes/75000/,rupiah-banknotes/75000/566.jpg,224,224,75000,0,0,0,7.69,58.58,220.39,161.67
rupiah_banknotes_pascalvoc/Annotations/rupiah-banknotes/5000/,rupiah-banknotes/5000/155.jpg,224,224,5000,0,0,0,6.39,40.32,219.52,157.32
rupiah_banknotes_pascalvoc/Annotations/rupiah-banknotes/1000/,rupiah-banknotes/1000/56.jpg,224,224,1000,0,0,0,14.35,57.14,212.68,160.23
rupiah_banknotes_pascalvoc/Annotations/rupiah-banknotes/1000/,rupiah-banknotes/1000/1161.jpg,224,224,1000,0,0,0,3.04,46.71,219.21,147.61
rupiah_banknotes_pascalvoc/Annotations/rupiah-banknotes/10000/,rupiah-banknotes/10000/471.jpg,224,224,10000,0,0,0,9.43,50.32,215.6,137.75
rupiah_banknotes_pascalvoc/Annotations/rupiah-banknotes/1000/,rupiah-banknotes/1000/354.jpg,224,224,1000,0,0,0,4.78,38.88,218.34,158.49
rupiah_banknotes_pascalvoc/Annotations/rupiah-banknotes/20000/,rupiah-banknotes/20000/93.jpg,224,224,20000,0,0,0,12.04,55.54,220.39,147.31
rupiah_banknotes_pascalvoc/Annotations/rupiah-banknotes/2000/,rupiah-banknotes/2000/775.jpg,224,224,2000,0,0,0,10.74,39.01,222.13,162.1
rupiah_banknotes_pascalvoc/Annotations/rupiah-banknotes/10000/,rupiah-banknotes/10000/82.jpg,224,224,10000,0,0,0,10.3,57.71,219.08,162.1
rupiah_banknotes_pascalvoc/Annotations/rupiah-banknotes/100000/,rupiah-banknotes/100000/127.jpg,224,224,100000,0,0,0,2.48,55.97,223.0,152.53
rupiah_banknotes_pascalvoc/Annotations/rupiah-banknotes/1000/,rupiah-banknotes/1000/437.jpg,224,224,1000,0,0,0,9.13,18.43,216.6,141.09
rupiah_banknotes_pascalvoc/Annotations/rupiah-banknotes/2000/,rupiah-banknotes/2000/349.jpg,224,224,2000,0,0,0,5.95,60.32,203.42,160.8
rupiah_banknotes_pascalvoc/Annotations/rupiah-banknotes/100000/,rupiah-banknotes/100000/949.jpg,224,224,100000,0,0,0,10.74,49.88,219.08,145.14
rupiah_banknotes_pascalvoc/Annotations/rupiah-banknotes/100000/,rupiah-banknotes/100000/46.jpg,224,224,100000,0,0,0,4.65,49.88,216.47,154.71
rupiah_banknotes_pascalvoc/Annotations/rupiah-banknotes/20000/,rupiah-banknotes/20000/568.jpg,224,224,20000,0,0,0,8.13,33.36,221.26,135.14
rupiah_banknotes_pascalvoc/Annotations/rupiah-banknotes/20000/,rupiah-banknotes/20000/507.jpg,224,224,20000,0,0,0,11.17,44.67,217.34,145.14
rupiah_banknotes_pascalvoc/Annotations/rupiah-banknotes/75000/,rupiah-banknotes/75000/981.jpg,224,224,75000,0,0,0,7.26,52.06,224.0,151.23
rupiah_banknotes_pascalvoc/Annotations/rupiah-banknotes/100000/,rupiah-banknotes/100000/651.jpg,224,224,100000,0,0,0,4.65,58.58,218.35,158.62
rupiah_banknotes_pascalvoc/Annotations/rupiah-banknotes/100000/,rupiah-banknotes/100000/1 (2).jpg,224,224,100000,0,0,0,2.48,49.88,224.0,141.22
rupiah_banknotes_pascalvoc/Annotations/rupiah-banknotes/10000/,rupiah-banknotes/10000/556.jpg,224,224,10000,0,0,0,5.43,37.18,221.6,141.57
rupiah_banknotes_pascalvoc/Annotations/rupiah-banknotes/5000/,rupiah-banknotes/5000/45.jpg,224,224,5000,0,0,0,6.39,42.06,213.43,143.83
rupiah_banknotes_pascalvoc/Annotations/rupiah-banknotes/20000/,rupiah-banknotes/20000/0.jpg,224,224,20000,0,0,0,2.04,62.06,212.56,158.62
rupiah_banknotes_pascalvoc/Annotations/rupiah-banknotes/20000/,rupiah-banknotes/20000/779.jpg,224,224,20000,0,0,0,5.95,31.62,214.3,142.09
rupiah_banknotes_pascalvoc/Annotations/rupiah-banknotes/10000/,rupiah-banknotes/10000/1005.jpg,224,224,10000,0,0,0,5.52,58.15,221.69,174.28
rupiah_banknotes_pascalvoc/Annotations/rupiah-banknotes/5000/,rupiah-banknotes/5000/555.jpg,224,224,5000,0,0,0,7.69,75.98,213.43,174.72
rupiah_banknotes_pascalvoc/Annotations/rupiah-banknotes/2000/,rupiah-banknotes/2000/87.jpg,224,224,2000,0,0,0,4.65,51.62,216.47,154.27
rupiah_banknotes_pascalvoc/Annotations/rupiah-banknotes/1000/,rupiah-banknotes/1000/1.jpg,224,224,1000,0,0,0,14.78,34.53,216.16,147.18
rupiah_banknotes_pascalvoc/Annotations/rupiah-banknotes/75000/,rupiah-banknotes/75000/217.jpg,224,224,75000,0,0,0,6.83,58.58,219.08,164.71
rupiah_banknotes_pascalvoc/Annotations/rupiah-banknotes/5000/,rupiah-banknotes/5000/529 (2).jpg,224,224,5000,0,0,0,6.39,53.8,221.69,171.24
rupiah_banknotes_pascalvoc/Annotations/rupiah-banknotes/1000/,rupiah-banknotes/1000/740.jpg,224,224,1000,0,0,0,17.39,50.19,223.12,165.45
rupiah_banknotes_pascalvoc/Annotations/rupiah-banknotes/100000/,rupiah-banknotes/100000/1044.jpg,224,224,100000,0,0,0,2.04,61.19,224.0,161.23
rupiah_banknotes_pascalvoc/Annotations/rupiah-banknotes/1000/,rupiah-banknotes/1000/28.jpg,224,224,1000,0,0,0,7.39,44.97,210.07,141.53
rupiah_banknotes_pascalvoc/Annotations/rupiah-banknotes/5000/,rupiah-banknotes/5000/1093.jpg,224,224,5000,0,0,0,9.0,38.58,223.0,154.71
rupiah_banknotes_pascalvoc/Annotations/rupiah-banknotes/20000/,rupiah-banknotes/20000/246.jpg,224,224,20000,0,0,0,9.43,59.45,224.0,163.41
rupiah_banknotes_pascalvoc/Annotations/rupiah-banknotes/20000/,rupiah-banknotes/20000/501.jpg,224,224,20000,0,0,0,12.04,48.15,214.3,143.4
rupiah_banknotes_pascalvoc/Annotations/rupiah-banknotes/2000/,rupiah-banknotes/2000/643.jpg,224,224,2000,0,0,0,11.17,65.54,224.0,182.55
rupiah_banknotes_pascalvoc/Annotations/rupiah-banknotes/1000/,rupiah-banknotes/1000/899.jpg,224,224,1000,0,0,0,6.52,31.92,220.95,158.05
rupiah_banknotes_pascalvoc/Annotations/rupiah-banknotes/2000/,rupiah-banknotes/2000/362.jpg,224,224,2000,0,0,0,5.95,64.24,223.0,183.42
rupiah_banknotes_pascalvoc/Annotations/rupiah-banknotes/5000/,rupiah-banknotes/5000/541.jpg,224,224,5000,0,0,0,7.69,58.15,224.0,165.58
rupiah_banknotes_pascalvoc/Annotations/rupiah-banknotes/2000/,rupiah-banknotes/2000/40.jpg,224,224,2000,0,0,0,5.52,58.15,215.6,159.93
rupiah_banknotes_pascalvoc/Annotations/rupiah-banknotes/100000/,rupiah-banknotes/100000/365.jpg,224,224,100000,0,0,0,4.65,38.58,221.69,142.53
rupiah_banknotes_pascalvoc/Annotations/rupiah-banknotes/1000/,rupiah-banknotes/1000/1159.jpg,224,224,1000,0,0,0,0.86,43.66,221.82,151.09
rupiah_banknotes_pascalvoc/Annotations/rupiah-banknotes/2000/,rupiah-banknotes/2000/131.jpg,224,224,2000,0,0,0,10.74,45.54,224.0,166.89
rupiah_banknotes_pascalvoc/Annotations/rupiah-banknotes/50000/,rupiah-banknotes/50000/0.jpg,224,224,50000,0,0,0,3.78,78.16,219.52,182.11
rupiah_banknotes_pascalvoc/Annotations/rupiah-banknotes/2000/,rupiah-banknotes/2000/854.jpg,224,224,2000,0,0,0,8.13,49.02,218.65,159.06
rupiah_banknotes_pascalvoc/Annotations/rupiah-banknotes/100000/,rupiah-banknotes/100000/705.jpg,224,224,100000,0,0,0,4.65,32.92,218.65,138.18
rupiah_banknotes_pascalvoc/Annotations/rupiah-banknotes/10000/,rupiah-banknotes/10000/597.jpg,224,224,10000,0,0,0,8.56,53.8,218.65,151.23
rupiah_banknotes_pascalvoc/Annotations/rupiah-banknotes/75000/,rupiah-banknotes/75000/893.jpg,224,224,75000,0,0,0,6.82,62.5,217.78,162.1
rupiah_banknotes_pascalvoc/Annotations/rupiah-banknotes/50000/,rupiah-banknotes/50000/43.jpg,224,224,50000,0,0,0,7.69,51.19,211.69,149.92
rupiah_banknotes_pascalvoc/Annotations/rupiah-banknotes/20000/,rupiah-banknotes/20000/849.jpg,224,224,20000,0,0,0,4.65,52.06,214.73,150.36
rupiah_banknotes_pascalvoc/Annotations/rupiah-banknotes/75000/,rupiah-banknotes/75000/623.jpg,224,224,75000,0,0,0,6.82,38.14,216.91,149.05
rupiah_banknotes_pascalvoc/Annotations/rupiah-banknotes/5000/,rupiah-banknotes/5000/1051.jpg,224,224,5000,0,0,0,5.08,43.36,223.87,157.32
rupiah_banknotes_pascalvoc/Annotations/rupiah-banknotes/100000/,rupiah-banknotes/100000/379.jpg,224,224,100000,0,0,0,9.87,45.54,217.78,146.01
rupiah_banknotes_pascalvoc/Annotations/rupiah-banknotes/5000/,rupiah-banknotes/5000/556.jpg,224,224,5000,0,0,0,5.52,76.42,217.78,168.19
rupiah_banknotes_pascalvoc/Annotations/rupiah-banknotes/5000/,rupiah-banknotes/5000/529.jpg,224,224,5000,0,0,0,7.69,70.76,223.43,175.15
rupiah_banknotes_pascalvoc/Annotations/rupiah-banknotes/50000/,rupiah-banknotes/50000/84.jpg,224,224,50000,0,0,0,2.04,61.63,213.86,157.32
rupiah_banknotes_pascalvoc/Annotations/rupiah-banknotes/10000/,rupiah-banknotes/10000/858.jpg,224,224,10000,0,0,0,10.74,44.23,212.99,138.18
rupiah_banknotes_pascalvoc/Annotations/rupiah-banknotes/50000/,rupiah-banknotes/50000/99.jpg,224,224,50000,0,0,0,3.35,40.32,214.3,146.44
rupiah_banknotes_pascalvoc/Annotations/rupiah-banknotes/20000/,rupiah-banknotes/20000/762.jpg,224,224,20000,0,0,0,4.65,39.45,220.39,139.92
rupiah_banknotes_pascalvoc/Annotations/rupiah-banknotes/50000/,rupiah-banknotes/50000/778.jpg,224,224,50000,0,0,0,3.35,49.88,222.13,147.75
rupiah_banknotes_pascalvoc/Annotations/rupiah-banknotes/5000/,rupiah-banknotes/5000/1142.jpg,224,224,5000,0,0,0,6.82,42.93,216.91,140.35
rupiah_banknotes_pascalvoc/Annotations/rupiah-banknotes/1000/,rupiah-banknotes/1000/479.jpg,224,224,1000,0,0,0,5.65,42.36,216.16,165.01
rupiah_banknotes_pascalvoc/Annotations/rupiah-banknotes/20000/,rupiah-banknotes/20000/762 (2).jpg,224,224,20000,0,0,0,11.61,32.92,215.60000000000002,136.88
rupiah_banknotes_pascalvoc/Annotations/rupiah-banknotes/5000/,rupiah-banknotes/5000/515.jpg,224,224,5000,0,0,0,10.3,72.5,223.43,176.02
rupiah_banknotes_pascalvoc/Annotations/rupiah-banknotes/100000/,rupiah-banknotes/100000/465.jpg,224,224,100000,0,0,0,4.65,41.19,219.52,142.09
rupiah_banknotes_pascalvoc/Annotations/rupiah-banknotes/1000/,rupiah-banknotes/1000/179.jpg,224,224,1000,0,0,0,7.39,33.66,203.55,126.3
rupiah_banknotes_pascalvoc/Annotations/rupiah-banknotes/2000/,rupiah-banknotes/2000/113.jpg,224,224,2000,0,0,0,14.65,45.54,218.21,144.7
rupiah_banknotes_pascalvoc/Annotations/rupiah-banknotes/20000/,rupiah-banknotes/20000/535.jpg,224,224,20000,0,0,0,4.65,36.84,217.78,136.88
rupiah_banknotes_pascalvoc/Annotations/rupiah-banknotes/10000/,rupiah-banknotes/10000/555.jpg,224,224,10000,0,0,0,5.52,39.88,221.69,142.09
rupiah_banknotes_pascalvoc/Annotations/rupiah-banknotes/100000/,rupiah-banknotes/100000/752.jpg,224,224,100000,0,0,0,4.22,63.8,222.13,165.15
rupiah_banknotes_pascalvoc/Annotations/rupiah-banknotes/10000/,rupiah-banknotes/10000/88.jpg,224,224,10000,0,0,0,9.87,57.28,221.69,160.36
rupiah_banknotes_pascalvoc/Annotations/rupiah-banknotes/2000/,rupiah-banknotes/2000/839.jpg,224,224,2000,0,0,0,10.3,42.49,220.39,149.92
rupiah_banknotes_pascalvoc/Annotations/rupiah-banknotes/20000/,rupiah-banknotes/20000/1137.jpg,224,224,20000,0,0,0,4.22,50.75,215.6,151.66
rupiah_banknotes_pascalvoc/Annotations/rupiah-banknotes/20000/,rupiah-banknotes/20000/921.jpg,224,224,20000,0,0,0,12.04,36.4,218.65,140.35
rupiah_banknotes_pascalvoc/Annotations/rupiah-banknotes/2000/,rupiah-banknotes/2000/392.jpg,224,224,2000,0,0,0,13.78,67.72,216.47,161.67
rupiah_banknotes_pascalvoc/Annotations/rupiah-banknotes/2000/,rupiah-banknotes/2000/1071.jpg,224,224,2000,0,0,0,3.78,61.19,222.56,162.1
rupiah_banknotes_pascalvoc/Annotations/rupiah-banknotes/50000/,rupiah-banknotes/50000/547.jpg,224,224,50000,0,0,0,5.08,48.14,220.39,145.57
rupiah_banknotes_pascalvoc/Annotations/rupiah-banknotes/10000/,rupiah-banknotes/10000/221.jpg,224,224,10000,0,0,0,8.13,58.58,218.21,154.71
rupiah_banknotes_pascalvoc/Annotations/rupiah-banknotes/50000/,rupiah-banknotes/50000/564.jpg,224,224,50000,0,0,0,5.52,69.02,210.82,164.28
rupiah_banknotes_pascalvoc/Annotations/rupiah-banknotes/1000/,rupiah-banknotes/1000/999.jpg,224,224,1000,0,0,0,3.47,52.36,215.29,165.01
rupiah_banknotes_pascalvoc/Annotations/rupiah-banknotes/2000/,rupiah-banknotes/2000/704.jpg,224,224,2000,0,0,0,5.95,72.07,217.78,176.02
rupiah_banknotes_pascalvoc/Annotations/rupiah-banknotes/1000/,rupiah-banknotes/1000/83.jpg,224,224,1000,0,0,0,3.47,23.65,207.46,131.52
rupiah_banknotes_pascalvoc/Annotations/rupiah-banknotes/20000/,rupiah-banknotes/20000/53.jpg,224,224,20000,0,0,0,9.87,52.49,218.65,150.36
rupiah_banknotes_pascalvoc/Annotations/rupiah-banknotes/2000/,rupiah-banknotes/2000/289.jpg,224,224,2000,0,0,0,7.69,72.94,217.78,189.94
rupiah_banknotes_pascalvoc/Annotations/rupiah-banknotes/100000/,rupiah-banknotes/100000/116.jpg,224,224,100000,0,0,0,5.95,52.49,219.08,150.79
rupiah_banknotes_pascalvoc/Annotations/rupiah-banknotes/20000/,rupiah-banknotes/20000/662.jpg,224,224,20000,0,0,0,9.87,51.62,220.39,152.53
rupiah_banknotes_pascalvoc/Annotations/rupiah-banknotes/10000/,rupiah-banknotes/10000/158.jpg,224,224,10000,0,0,0,5.95,58.58,216.47,162.1
rupiah_banknotes_pascalvoc/Annotations/rupiah-banknotes/50000/,rupiah-banknotes/50000/1121.jpg,224,224,50000,0,0,0,8.56,42.06,215.6,137.31
rupiah_banknotes_pascalvoc/Annotations/rupiah-banknotes/1000/,rupiah-banknotes/1000/178.jpg,224,224,1000,0,0,0,10.0,33.22,206.59,128.91
rupiah_banknotes_pascalvoc/Annotations/rupiah-banknotes/75000/,rupiah-banknotes/75000/0.jpg,224,224,75000,0,0,0,7.26,57.71,222.13,163.84
rupiah_banknotes_pascalvoc/Annotations/rupiah-banknotes/1000/,rupiah-banknotes/1000/627.jpg,224,224,1000,0,0,0,12.61,46.71,212.68,158.92
rupiah_banknotes_pascalvoc/Annotations/rupiah-banknotes/10000/,rupiah-banknotes/10000/1006.jpg,224,224,10000,0,0,0,9.43,66.41,222.13,159.06
rupiah_banknotes_pascalvoc/Annotations/rupiah-banknotes/100000/,rupiah-banknotes/100000/655.jpg,224,224,100000,0,0,0,8.56,52.49,224.0,156.01
rupiah_banknotes_pascalvoc/Annotations/rupiah-banknotes/20000/,rupiah-banknotes/20000/361.jpg,224,224,20000,0,0,0,8.56,56.41,224.0,163.84
rupiah_banknotes_pascalvoc/Annotations/rupiah-banknotes/10000/,rupiah-banknotes/10000/1 (2).jpg,224,224,10000,0,0,0,12.48,52.93,221.69,161.67
